issue,citation,doc_count
recusal,Walker v. Packer,44
recusal,In re Norman,42
recusal,In re Prudential,39
recusal,Burnaman v. Heaton,27
recusal,Ex parte Thuesen,27
recusal,Sears v. Nueces,27
recusal,In re Alpert,26
recusal,In re Rose,25
recusal,In re Inquiry,25
recusal,In re Marriage,23
recusal,Troxel v. Granville,22
recusal,In re Moore,21
recusal,Caperton v. A.T,20
recusal,In re Interest,20
recusal,In re Tex,19
recusal,Co. v. Jackson,19
recusal,In re Amir-Sharif,19
recusal,In re Gold,19
recusal,In re Conner,18
recusal,Sanchez v. State,18
recusal,In re Canales,18
recusal,Woodruff v. Wright,18
recusal,Browning v. Prostok,17
recusal,In re Blakeney,17
recusal,Myers v Charles,17
recusal,In re C.J.C,17
recusal,Perry v. Del,17
recusal,In re State,17
recusal,Guillen v. Cameron,17
recusal,Ludlow v. DeBerry,17
recusal,Bypass v. Axos,17
recusal,U.S. v. Welch,17
recusal,Curtis v. Gibbs,16
recusal,In re Team,16
recusal,Wyatt v. Shaw,16
recusal,In re Layton,16
recusal,In re E.R,16
recusal,Rogers v. Bradley,16
recusal,In re Union,16
recusal,States v. Harris,16
federal_court,S.P.R.L. v. Imrex,104
federal_court,Inc. v. Northwestern,78
federal_court,Walker v. Packer,75
federal_court,In re Prudential,70
federal_court,Boyle v. United,65
federal_court,In re Interest,55
federal_court,States v. Turkette,52
federal_court,In re Marriage,50
federal_court,In re C.J.C,49
federal_court,Burnaman v. Heaton,45
federal_court,Tal v. Hogan,44
federal_court,Corp. v. Twombly,43
federal_court,Corp. v. Stone,42
federal_court,Bustos v. Invierte,39
federal_court,Inc v. Northwestern,39
federal_court,In re Norman,38
federal_court,Ashcroft v. Iqbal,37
federal_court,Hall v. Witteman,37
federal_court,Bixler v. Foster,37
federal_court,Skurkey v. Daniel,36
federal_court,Troxel v. Granville,35
federal_court,Co. v. Donovan,35
federal_court,Schrag v. Dinges,35
federal_court,Heinrich v. Waiting,35
federal_court,In re E.R,34
federal_court,George v. Urban,33
federal_court,Inc. v. SFHC,32
federal_court,Co. v. FNF,32
federal_court,Inc. v. Dick,32
federal_court,Reves v. Ernst,32
federal_court,Bonton v. Archer,31
federal_court,Bank v. Monson,31
federal_court,Sedima v. Imrex,31
federal_court,States v. Greenberg,30
federal_court,Smulley v. Fed,30
federal_court,Johnson v. Heath,29
federal_court,U.S. v. Admon,29
federal_court,Perrin v. United,29
federal_court,U.S. v. Welch,29
federal_court,Browning v. Prostok,28
appeal,S.P.R.L. v. Imrex,101
appeal,Walker v. Packer,79
appeal,Inc. v. Northwestern,78
appeal,In re Prudential,70
appeal,In re Interest,66
appeal,Boyle v. United,65
appeal,In re Marriage,52
appeal,States v. Turkette,52
appeal,In re C.J.C,50
appeal,Burnaman v. Heaton,49
appeal,Tal v. Hogan,44
appeal,Corp. v. Twombly,43
appeal,Corp. v. Stone,42
appeal,In re Norman,41
appeal,Inc v. Northwestern,39
appeal,Bustos v. Invierte,38
appeal,Ashcroft v. Iqbal,37
appeal,Hall v. Witteman,37
appeal,Bixler v. Foster,37
appeal,Skurkey v. Daniel,36
appeal,Troxel v. Granville,35
appeal,Co. v. Donovan,35
appeal,Schrag v. Dinges,35
appeal,Heinrich v. Waiting,35
appeal,In re E.R,34
appeal,George v. Urban,33
appeal,Inc. v. SFHC,32
appeal,Co. v. FNF,32
appeal,Inc. v. Dick,32
appeal,Reves v. Ernst,32
appeal,Bonton v. Archer,31
appeal,Bank v. Monson,31
appeal,Sedima v. Imrex,31
appeal,States v. Greenberg,30
appeal,Smulley v. Fed,30
appeal,Holley v. Adams,29
appeal,Johnson v. Heath,29
appeal,U.S. v. Admon,29
appeal,Perrin v. United,29
appeal,U.S. v. Welch,29
mandamus,Walker v. Packer,79
mandamus,In re Prudential,67
mandamus,In re Marriage,46
mandamus,Burnaman v. Heaton,45
mandamus,In re C.J.C,43
mandamus,In re Norman,35
mandamus,Troxel v. Granville,32
mandamus,In re E.R,32
mandamus,In re Interest,29
mandamus,In re State,27
mandamus,Curtis v. Gibbs,26
mandamus,Browning v. Prostok,25
mandamus,Perry v. Del,25
mandamus,In re Team,24
mandamus,In re Layton,23
mandamus,In re Rose,23
mandamus,In re Alpert,23
mandamus,In re Blakeney,22
mandamus,In re Conner,22
mandamus,Wyatt v. Shaw,22
mandamus,In re Southwestern,21
mandamus,Corp. v. Garcia,21
mandamus,Ex parte Thuesen,21
mandamus,In re Tex,20
mandamus,Holley v. Adams,20
mandamus,Johnson v. Fourth,20
mandamus,Mathews v. Eldridge,19
mandamus,Sears v. Nueces,19
mandamus,In re Bonds,18
mandamus,In re Amir-Sharif,18
mandamus,In re Inquiry,18
mandamus,Inc. v. Chapman,17
mandamus,In re Texas,17
mandamus,In re Scheller,17
mandamus,Billisits v. Billisits,17
mandamus,Co. v. Jackson,17
mandamus,In re Gold,17
mandamus,Bypass v. Axos,17
mandamus,In re Charles,16
mandamus,In re Sheppard,16
law_enforcement,Walker v. Packer,69
law_enforcement,S.P.R.L. v. Imrex,64
law_enforcement,In re Prudential,59
law_enforcement,Inc. v. Northwestern,48
law_enforcement,Boyle v. United,47
law_enforcement,In re Marriage,42
law_enforcement,In re C.J.C,42
law_enforcement,Corp. v. Twombly,41
law_enforcement,Burnaman v. Heaton,38
law_enforcement,Bustos v. Invierte,36
law_enforcement,Ashcroft v. Iqbal,36
law_enforcement,In re Interest,35
law_enforcement,Tal v. Hogan,34
law_enforcement,In re Norman,33
law_enforcement,Troxel v. Granville,32
law_enforcement,Corp. v. Stone,32
law_enforcement,Co. v. Donovan,31
law_enforcement,Skurkey v. Daniel,31
law_enforcement,States v. Greenberg,30
law_enforcement,Smulley v. Fed,30
law_enforcement,U.S. v. Admon,29
law_enforcement,Perrin v. United,29
law_enforcement,Co. v. FNF,29
law_enforcement,Bixler v. Foster,29
law_enforcement,Hall v. Witteman,28
law_enforcement,U.S. v. Welch,28
law_enforcement,Bank v. Monson,28
law_enforcement,Bonton v. Archer,27
law_enforcement,Inc. v. SFHC,27
law_enforcement,George v. Urban,27
law_enforcement,Schrag v. Dinges,27
law_enforcement,States v. Compton,26
law_enforcement,Mathews v. Eldridge,25
law_enforcement,In re E.R,25
law_enforcement,Sears v. Nueces,25
law_enforcement,In re Inquiry,25
law_enforcement,Heinrich v. Waiting,25
law_enforcement,In re Team,24
law_enforcement,Holley v. Adams,24
law_enforcement,In re State,24
due_process,In re Prudential,59
due_process,Walker v. Packer,59
due_process,In re C.J.C,48
due_process,In re Interest,46
due_process,In re Marriage,39
due_process,Burnaman v. Heaton,35
due_process,Troxel v. Granville,35
due_process,In re E.R,34
due_process,In re Norman,27
due_process,Sears v. Nueces,26
due_process,Mathews v. Eldridge,25
due_process,Browning v. Prostok,24
due_process,Holley v. Adams,23
due_process,Perry v. Del,23
due_process,In re Layton,23
due_process,In re Inquiry,23
due_process,In re Rose,22
due_process,Curtis v. Gibbs,21
due_process,Corp. v. Garcia,21
due_process,Caperton v. A.T,21
due_process,In re Blakeney,19
due_process,Wyatt v. Shaw,19
due_process,Page v. Sherrill,19
due_process,Daenekas v. Thorpe,18
due_process,Young v. Young,18
due_process,Cosgrove v. Grimes,18
due_process,Smith v. Jones,18
due_process,In re State,18
due_process,Co. v. Jackson,18
due_process,In re E.L.T,18
due_process,Stanley v. Illinois,18
due_process,In re Team,17
due_process,In re Conner,17
due_process,Billisits v. Billisits,17
due_process,Guillen v. Cameron,17
due_process,Peralta v. Heights,17
due_process,Bypass v. Axos,17
due_process,U.S. v. Welch,17
due_process,In re Villarreal,16
due_process,Armstrong v. Manzo,16
ex_parte,In re Prudential,56
ex_parte,Walker v. Packer,56
ex_parte,In re C.J.C,47
ex_parte,In re Interest,38
ex_parte,In re Marriage,35
ex_parte,Troxel v. Granville,35
ex_parte,In re E.R,31
ex_parte,Burnaman v. Heaton,28
ex_parte,In re Norman,28
ex_parte,Ex parte Thuesen,27
ex_parte,Perry v. Del,23
ex_parte,Browning v. Prostok,22
ex_parte,In re Layton,22
ex_parte,In re State,22
ex_parte,In re Team,21
ex_parte,Holley v. Adams,21
ex_parte,In re Rose,21
ex_parte,Mathews v. Eldridge,20
ex_parte,Corp. v. Garcia,20
ex_parte,Sears v. Nueces,20
ex_parte,Page v. Sherrill,19
ex_parte,Daenekas v. Thorpe,18
ex_parte,Young v. Young,18
ex_parte,Cosgrove v. Grimes,18
ex_parte,Smith v. Jones,18
ex_parte,In re Southwestern,18
ex_parte,Caperton v. A.T,18
ex_parte,Stanley v. Illinois,18
ex_parte,Johnson v. Fourth,17
ex_parte,Co. v. Jackson,17
ex_parte,Guillen v. Cameron,17
ex_parte,In re Alpert,17
ex_parte,Breceda v. Whi,16
ex_parte,In re Conner,16
ex_parte,Billisits v. Billisits,16
ex_parte,Sanchez v. State,16
ex_parte,In re E.L.T,16
ex_parte,Peralta v. Heights,16
ex_parte,In re Crystal,16
ex_parte,Curtis v. Gibbs,15
notice,Walker v. Packer,75
notice,In re Prudential,63
notice,S.P.R.L. v. Imrex,55
notice,In re Interest,55
notice,In re Marriage,49
notice,In re C.J.C,49
notice,Burnaman v. Heaton,45
notice,Corp. v. Twombly,42
notice,Inc. v. Northwestern,38
notice,Ashcroft v. Iqbal,36
notice,Troxel v. Granville,35
notice,Bustos v. Invierte,35
notice,Boyle v. United,35
notice,In re E.R,34
notice,In re Norman,34
notice,Tal v. Hogan,32
notice,States v. Greenberg,30
notice,Smulley v. Fed,30
notice,Co. v. Donovan,30
notice,Inc. v. SFHC,29
notice,Hall v. Witteman,29
notice,Curtis v. Gibbs,28
notice,Browning v. Prostok,28
notice,Corp. v. Stone,28
notice,Bonton v. Archer,27
notice,Bixler v. Foster,27
notice,Bank v. Monson,27
notice,States v. Compton,26
notice,U.S. v. Admon,26
notice,Perrin v. United,26
notice,Skurkey v. Daniel,26
notice,Heinrich v. Waiting,26
notice,Mathews v. Eldridge,25
notice,Co. v. FNF,25
notice,In re Team,24
notice,Holley v. Adams,24
notice,Perry v. Del,24
notice,Brown v. City,24
notice,Brooks v. Mentor,24
notice,George v. Urb,24
jurisdiction,Walker v. Packer,71
jurisdiction,S.P.R.L. v. Imrex,71
jurisdiction,In re Prudential,68
jurisdiction,In re Interest,50
jurisdiction,Inc. v. Northwestern,47
jurisdiction,In re C.J.C,45
jurisdiction,Boyle v. United,44
jurisdiction,Burnaman v. Heaton,43
jurisdiction,Corp. v. Twombly,43
jurisdiction,In re Marriage,40
jurisdiction,Tal v. Hogan,39
jurisdiction,Bustos v. Invierte,38
jurisdiction,Ashcroft v. Iqbal,37
jurisdiction,Corp. v. Stone,36
jurisdiction,Troxel v. Granville,33
jurisdiction,Hall v. Witteman,33
jurisdiction,Co. v. Donovan,32
jurisdiction,Bixler v. Foster,32
jurisdiction,In re Norman,31
jurisdiction,Inc. v. SFHC,31
jurisdiction,Skurkey v. Daniel,31
jurisdiction,States v. Greenberg,30
jurisdiction,Smulley v. Fed,30
jurisdiction,Bonton v. Archer,30
jurisdiction,Schrag v. Dinges,30
jurisdiction,States v. Turkette,30
jurisdiction,Bank v. Monson,29
jurisdiction,Curtis v. Gibbs,28
jurisdiction,George v. Urban,28
jurisdiction,Co. v. FNF,28
jurisdiction,In re E.R,27
jurisdiction,U.S. v. Admon,27
jurisdiction,Perrin v. United,27
jurisdiction,In re State,26
jurisdiction,States v. Compton,26
jurisdiction,Perry v. Del,25
jurisdiction,Inc. v. Dick,25
jurisdiction,Browning v. Prostok,24
jurisdiction,In re Team,24
jurisdiction,Hall v. Bellmon,24
lockout_eviction,Walker v. Packer,65
lockout_eviction,In re Prudential,61
lockout_eviction,S.P.R.L. v. Imrex,60
lockout_eviction,In re C.J.C,44
lockout_eviction,Inc. v. Northwestern,44
lockout_eviction,In re Marriage,43
lockout_eviction,Boyle v. United,40
lockout_eviction,Corp. v. Twombly,39
lockout_eviction,Burnaman v. Heaton,38
lockout_eviction,Bustos v. Invierte,35
lockout_eviction,Tal v. Hogan,34
lockout_eviction,In re Interest,33
lockout_eviction,Troxel v. Granville,32
lockout_eviction,Ashcroft v. Iqbal,32
lockout_eviction,States v. Greenberg,30
lockout_eviction,Smulley v. Fed,30
lockout_eviction,Co. v. Donovan,30
lockout_eviction,In re E.R,29
lockout_eviction,Inc. v. SFHC,29
lockout_eviction,Corp. v. Stone,29
lockout_eviction,Skurkey v. Daniel,29
lockout_eviction,Co. v. FNF,28
lockout_eviction,Bonton v. Archer,27
lockout_eviction,Hall v. Witteman,27
lockout_eviction,Bixler v. Foster,27
lockout_eviction,Bank v. Monson,27
lockout_eviction,In re Norman,26
lockout_eviction,States v. Compton,26
lockout_eviction,U.S. v. Admon,26
lockout_eviction,Perrin v. United,26
lockout_eviction,George v. Urban,26
lockout_eviction,Heinrich v. Waiting,26
lockout_eviction,Browning v. Prostok,25
lockout_eviction,Schrag v. Dinges,25
lockout_eviction,Perry v. Del,24
lockout_eviction,Hall v. Bellmon,24
lockout_eviction,Brown v. City,23
lockout_eviction,Brooks v. Mentor,23
lockout_eviction,George v. Urb,23
lockout_eviction,Pagel v. Wash,23
associate_judge,Walker v. Packer,68
associate_judge,In re Prudential,62
associate_judge,Burnaman v. Heaton,45
associate_judge,In re C.J.C,40
associate_judge,In re Marriage,37
associate_judge,In re Norman,32
associate_judge,Troxel v. Granville,30
associate_judge,In re Interest,29
associate_judge,In re Team,24
associate_judge,In re State,24
associate_judge,Browning v. Prostok,23
associate_judge,Perry v. Del,23
associate_judge,In re Layton,23
associate_judge,Curtis v. Gibbs,22
associate_judge,In re Conner,22
associate_judge,Wyatt v. Shaw,21
associate_judge,In re Southwestern,21
associate_judge,Corp. v. Garcia,21
associate_judge,Holley v. Adams,20
associate_judge,Mathews v. Eldridge,20
associate_judge,In re Rose,20
associate_judge,In re E.R,20
associate_judge,Ex parte Thuesen,20
associate_judge,In re Alpert,20
associate_judge,In re Inquiry,20
associate_judge,In re Blakeney,19
associate_judge,Johnson v. Fourth,19
associate_judge,Daenekas v. Thorpe,18
associate_judge,Young v. Young,18
associate_judge,Cosgrove v. Grimes,18
associate_judge,Smith v. Jones,18
associate_judge,Sanchez v. State,18
associate_judge,U.S. v. Welch,18
associate_judge,In re Tex,17
associate_judge,Inc. v. Chapman,17
associate_judge,In re Texas,17
associate_judge,In re Scheller,17
associate_judge,Myers v Charles,17
associate_judge,In re Amir-Sharif,17
associate_judge,In re Gold,17
injunction,In re Prudential,54
injunction,Walker v. Packer,49
injunction,Burnaman v. Heaton,43
injunction,In re Marriage,40
injunction,S.P.R.L. v. Imrex,40
injunction,In re C.J.C,39
injunction,Bustos v. Invierte,34
injunction,Ashcroft v. Iqbal,32
injunction,Corp. v. Twombly,32
injunction,Troxel v. Granville,31
injunction,In re E.R,30
injunction,Co. v. Donovan,29
injunction,Boyle v. United,27
injunction,Inc. v. Northwestern,26
injunction,States v. Greenberg,26
injunction,Smulley v. Fed,26
injunction,States v. Compton,26
injunction,U.S. v. Admon,26
injunction,Perrin v. United,26
injunction,Bonton v. Archer,26
injunction,Tal v. Hogan,25
injunction,Curtis v. Gibbs,24
injunction,Browning v. Prostok,24
injunction,Perry v. Del,24
injunction,In re Layton,23
injunction,In re Conner,22
injunction,Wyatt v. Shaw,22
injunction,Corp. v. Garcia,21
injunction,Corp. v. Stone,21
injunction,Skurkey v. Daniel,21
injunction,In re Interest,21
injunction,In re Team,20
injunction,US. v. Blackmon,20
injunction,Hall v. Bellmon,20
injunction,Brown v. City,20
injunction,Brooks v. Mentor,20
injunction,George v. Urb,20
injunction,Inc. v. SFHC,20
injunction,Pagel v. Wash,20
injunction,Hall v. Witteman,20
hearing,Walker v. Packer,74
hearing,In re Prudential,67
hearing,In re Interest,59
hearing,In re Marriage,49
hearing,Burnaman v. Heaton,49
hearing,In re C.J.C,48
hearing,S.P.R.L. v. Imrex,44
hearing,Troxel v. Granville,35
hearing,Bustos v. Invierte,35
hearing,Corp. v. Twombly,35
hearing,In re Norman,34
hearing,In re E.R,33
hearing,Inc. v. Northwestern,32
hearing,Ashcroft v. Iqbal,32
hearing,Boyle v. United,31
hearing,States v. Greenberg,30
hearing,Smulley v. Fed,30
hearing,Co. v. Donovan,30
hearing,Tal v. Hogan,28
hearing,Browning v. Prostok,27
hearing,Bonton v. Archer,27
hearing,In re State,26
hearing,States v. Compton,26
hearing,U.S. v. Admon,26
hearing,Perrin v. United,26
hearing,Curtis v. Gibbs,25
hearing,Mathews v. Eldridge,25
hearing,Corp. v. Stone,25
hearing,In re Team,24
hearing,Perry v. Del,24
hearing,Skurkey v. Daniel,24
hearing,In re Layton,23
hearing,Sears v. Nueces,23
hearing,Inc. v. SFHC,23
hearing,Hall v. Witteman,23
hearing,Co. v. FNF,23
hearing,Bixler v. Foster,23
hearing,Bank v. Monson,23
hearing,In re Blakeney,22
hearing,Holley v. Adams,22
property_financial,S.P.R.L. v. Imrex,102
property_financial,Inc. v. Northwestern,78
property_financial,Walker v. Packer,69
property_financial,In re Prudential,66
property_financial,Boyle v. United,63
property_financial,In re Interest,54
property_financial,States v. Turkette,50
property_financial,Burnaman v. Heaton,49
property_financial,In re C.J.C,49
property_financial,In re Marriage,47
property_financial,Tal v. Hogan,44
property_financial,Corp. v. Twombly,43
property_financial,Corp. v. Stone,41
property_financial,Bustos v. Invierte,39
property_financial,In re Norman,38
property_financial,Ashcroft v. Iqbal,37
property_financial,Hall v. Witteman,37
property_financial,Bixler v. Foster,37
property_financial,Inc v. Northwestern,37
property_financial,Skurkey v. Daniel,36
property_financial,Troxel v. Granville,35
property_financial,Co. v. Donovan,35
property_financial,Schrag v. Dinges,35
property_financial,Heinrich v. Waiting,35
property_financial,George v. Urban,33
property_financial,In re E.R,32
property_financial,Inc. v. SFHC,32
property_financial,Co. v. FNF,32
property_financial,Inc. v. Dick,32
property_financial,Bonton v. Archer,31
property_financial,Reves v. Ernst,31
property_financial,Bank v. Monson,31
property_financial,Sedima v. Imrex,31
property_financial,Holley v. Adams,30
property_financial,States v. Greenberg,30
property_financial,Smulley v. Fed,30
property_financial,Johnson v. Heath,29
property_financial,U.S. v. Admon,29
property_financial,Perrin v. United,29
property_financial,U.S. v. Welch,29
custody,S.P.R.L. v. Imrex,59
custody,In re Prudential,58
custody,Walker v. Packer,57
custody,In re C.J.C,50
custody,In re Interest,47
custody,In re Marriage,46
custody,Burnaman v. Heaton,45
custody,Bustos v. Invierte,38
custody,Boyle v. United,38
custody,Corp. v. Twombly,38
custody,Inc. v. Northwestern,36
custody,Troxel v. Granville,35
custody,Ashcroft v. Iqbal,32
custody,In re E.R,31
custody,Co. v. Donovan,31
custody,Holley v. Adams,30
custody,States v. Greenberg,30
custody,Smulley v. Fed,30
custody,Tal v. Hogan,30
custody,Bonton v. Archer,29
custody,U.S. v. Admon,27
custody,Perrin v. United,27
custody,States v. Compton,26
custody,Inc. v. SFHC,26
custody,Hall v. Witteman,26
custody,States v. Turkette,26
custody,Curtis v. Gibbs,25
custody,Browning v. Prostok,24
custody,Mathews v. Eldridge,24
custody,Corp. v. Stone,24
custody,U.S. v. Welch,24
custody,Skurkey v. Daniel,23
custody,Bixler v. Foster,23
custody,Bank v. Monson,23
custody,In re Blakeney,22
custody,Perry v. Del,22
custody,In re Layton,22
custody,In re Rose,22
custody,Co. v. FNF,22
custody,Wyatt v. Shaw,21
protective_order,In re Prudential,48
protective_order,Walker v. Packer,47
protective_order,In re C.J.C,47
protective_order,S.P.R.L. v. Imrex,46
protective_order,In re Interest,44
protective_order,In re Marriage,40
protective_order,Bustos v. Invierte,36
protective_order,Burnaman v. Heaton,35
protective_order,Corp. v. Twombly,35
protective_order,Inc. v. Northwestern,34
protective_order,Co. v. Donovan,32
protective_order,Boyle v. United,32
protective_order,Troxel v. Granville,31
protective_order,States v. Greenberg,30
protective_order,Smulley v. Fed,30
protective_order,Ashcroft v. Iqbal,29
protective_order,Holley v. Adams,28
protective_order,In re E.R,28
protective_order,Tal v. Hogan,28
protective_order,Bonton v. Archer,27
protective_order,States v. Compton,26
protective_order,U.S. v. Admon,26
protective_order,Perrin v. United,26
protective_order,Inc. v. SFHC,26
protective_order,Hall v. Witteman,25
protective_order,Mathews v. Eldridge,24
protective_order,Corp. v. Stone,23
protective_order,Skurkey v. Daniel,23
protective_order,Bixler v. Foster,23
protective_order,Bank v. Monson,23
protective_order,Co. v. FNF,22
protective_order,U.S. v. Welch,21
protective_order,Heinrich v. Waiting,21
protective_order,Perry v. Del,20
protective_order,US. v. Blackmon,20
protective_order,Hall v. Bellmon,20
protective_order,Brown v. City,20
protective_order,Brooks v. Mentor,20
protective_order,George v. Urb,20
protective_order,Pagel v. Wash,20
fraud_perjury,S.P.R.L. v. Imrex,101
fraud_perjury,Inc. v. Northwestern,71
fraud_perjury,Boyle v. United,62
fraud_perjury,In re Prudential,52
fraud_perjury,States v. Turkette,49
fraud_perjury,Walker v. Packer,47
fraud_perjury,Tal v. Hogan,44
fraud_perjury,Burnaman v. Heaton,41
fraud_perjury,Corp. v. Twombly,40
fraud_perjury,Bustos v. Invierte,39
fraud_perjury,In re C.J.C,38
fraud_perjury,Corp. v. Stone,38
fraud_perjury,Hall v. Witteman,37
fraud_perjury,In re Marriage,36
fraud_perjury,Skurkey v. Daniel,36
fraud_perjury,Co. v. Donovan,35
fraud_perjury,Schrag v. Dinges,35
fraud_perjury,Heinrich v. Waiting,35
fraud_perjury,Inc v. Northwestern,35
fraud_perjury,Ashcroft v. Iqbal,34
fraud_perjury,Bixler v. Foster,34
fraud_perjury,Inc. v. SFHC,32
fraud_perjury,Co. v. FNF,32
fraud_perjury,Inc. v. Dick,32
fraud_perjury,Troxel v. Granville,31
fraud_perjury,Bonton v. Archer,31
fraud_perjury,Bank v. Monson,31
fraud_perjury,Sedima v. Imrex,31
fraud_perjury,States v. Greenberg,30
fraud_perjury,Smulley v. Fed,30
fraud_perjury,George v. Urban,30
fraud_perjury,U.S. v. Admon,29
fraud_perjury,Perrin v. United,29
fraud_perjury,U.S. v. Welch,29
fraud_perjury,Reves v. Ernst,29
fraud_perjury,Bridge v. Phoenix,27
fraud_perjury,Johnson v. Heath,26
fraud_perjury,States v. Compton,26
fraud_perjury,Browning v. Prostok,25
fraud_perjury,Mathews v. Eldridge,25
discovery,S.P.R.L. v. Imrex,49
discovery,Walker v. Packer,43
discovery,Inc. v. Northwestern,41
discovery,In re Prudential,40
discovery,Corp. v. Twombly,39
discovery,In re Marriage,36
discovery,Bustos v. Invierte,35
discovery,Ashcroft v. Iqbal,34
discovery,Boyle v. United,34
discovery,Burnaman v. Heaton,33
discovery,In re C.J.C,33
discovery,Tal v. Hogan,33
discovery,Corp. v. Stone,31
discovery,States v. Greenberg,30
discovery,Smulley v. Fed,30
discovery,Co. v. Donovan,30
discovery,Inc. v. SFHC,29
discovery,Skurkey v. Daniel,28
discovery,Hall v. Witteman,27
discovery,George v. Urban,27
discovery,Co. v. FNF,27
discovery,Bixler v. Foster,27
discovery,Bank v. Monson,27
discovery,States v. Compton,26
discovery,U.S. v. Admon,26
discovery,Perrin v. United,26
discovery,Bonton v. Archer,26
discovery,Schrag v. Dinges,25
discovery,Brown v. City,24
discovery,Brooks v. Mentor,24
discovery,Heinrich v. Waiting,24
discovery,Hall v. Bellmon,23
discovery,George v. Urb,23
discovery,Pagel v. Wash,23
discovery,Holley v. Adams,22
discovery,Mathews v. Eldridge,21
discovery,Curtis v. Gibbs,20
discovery,Wyatt v. Shaw,20
discovery,LLC v. City,20
discovery,US. v. Blackmon,20
civil_rights_1983,S.P.R.L. v. Imrex,33
civil_rights_1983,States v. Turkette,21
civil_rights_1983,Quintero v. Jim,19
civil_rights_1983,In re E.R,19
civil_rights_1983,Inc. v. Northwestern,19
civil_rights_1983,In re Interest,19
civil_rights_1983,Burnaman v. Heaton,18
civil_rights_1983,Boyle v. United,18
civil_rights_1983,Inc v. Northwestern,16
civil_rights_1983,Padilla v. LaFrance,15
civil_rights_1983,Sedima v. Imrex,13
civil_rights_1983,In re C.J.C,12
civil_rights_1983,Reves v. Ernst,12
civil_rights_1983,In re Marriage,11
civil_rights_1983,Browning v. Prostok,11
civil_rights_1983,In re Prudential,11
civil_rights_1983,In re E.B,11
civil_rights_1983,Browning v. Placke,11
civil_rights_1983,U.S. v. Welch,11
civil_rights_1983,Heinrich v. Waiting,11
civil_rights_1983,In re Columbia,10
civil_rights_1983,Troxel v. Granville,10
civil_rights_1983,Exterminators v. Samples,10
civil_rights_1983,Corp. v. Twombly,10
civil_rights_1983,Ex parte Young,10
civil_rights_1983,LLC v. Custom,10
civil_rights_1983,Inc. v. Bielli,10
civil_rights_1983,Walker v. Packer,9
civil_rights_1983,Inc. v. Rivera,9
civil_rights_1983,Stanley v. Illinois,9
civil_rights_1983,Bustos v. Invierte,9
civil_rights_1983,Ashcroft v. Iqbal,9
civil_rights_1983,Heden v. Hill,9
civil_rights_1983,Abraham v. Singh,9
civil_rights_1983,U.S. v. Cauble,9
civil_rights_1983,Bridge v. Phoenix,9
civil_rights_1983,Reynolds v. Condon,9
civil_rights_1983,Corp. v. Leal,8
civil_rights_1983,In re J.R,8
civil_rights_1983,Page v. Sherrill,8
temporary_orders,Walker v. Packer,59
temporary_orders,In re Prudential,50
temporary_orders,In re C.J.C,47
temporary_orders,In re Interest,44
temporary_orders,Burnaman v. Heaton,41
temporary_orders,In re Marriage,38
temporary_orders,Troxel v. Granville,35
temporary_orders,In re E.R,28
temporary_orders,Browning v. Prostok,25
temporary_orders,Mathews v. Eldridge,25
temporary_orders,Curtis v. Gibbs,22
temporary_orders,In re Blakeney,22
temporary_orders,In re Conner,22
temporary_orders,In re Layton,22
temporary_orders,Holley v. Adams,21
temporary_orders,In re Team,20
temporary_orders,Corp. v. Garcia,20
temporary_orders,In re Rose,20
temporary_orders,Wyatt v. Shaw,19
temporary_orders,Perry v. Del,19
temporary_orders,Page v. Sherrill,19
temporary_orders,In re Bonds,18
temporary_orders,Daenekas v. Thorpe,18
temporary_orders,Young v. Young,18
temporary_orders,Cosgrove v. Grimes,18
temporary_orders,Smith v. Jones,18
temporary_orders,Stanley v. Illinois,18
temporary_orders,In re Tex,17
temporary_orders,In re Texas,17
temporary_orders,In re Scheller,17
temporary_orders,In re Southwestern,17
temporary_orders,In re Norman,17
temporary_orders,Bypass v. Axos,17
temporary_orders,Inc. v. Chapman,16
temporary_orders,In re Sheppard,16
temporary_orders,Billisits v. Billisits,16
temporary_orders,Peralta v. Heights,16
temporary_orders,States v. Harris,16
temporary_orders,U.S. v. Smith,16
temporary_orders,States v. Nissen,16
sanctions_contempt,Walker v. Packer,50
sanctions_contempt,In re C.J.C,42
sanctions_contempt,In re Prudential,40
sanctions_contempt,Burnaman v. Heaton,39
sanctions_contempt,In re Marriage,36
sanctions_contempt,Troxel v. Granville,30
sanctions_contempt,Browning v. Prostok,25
sanctions_contempt,In re Rose,24
sanctions_contempt,In re Interest,24
sanctions_contempt,Curtis v. Gibbs,23
sanctions_contempt,Wyatt v. Shaw,22
sanctions_contempt,In re Norman,22
sanctions_contempt,Holley v. Adams,21
sanctions_contempt,In re Layton,21
sanctions_contempt,Corp. v. Garcia,20
sanctions_contempt,In re E.R,20
sanctions_contempt,Mathews v. Eldridge,19
sanctions_contempt,In re Conner,19
sanctions_contempt,Daenekas v. Thorpe,18
sanctions_contempt,Young v. Young,18
sanctions_contempt,Cosgrove v. Grimes,18
sanctions_contempt,Smith v. Jones,18
sanctions_contempt,Perry v. Del,18
sanctions_contempt,Sanchez v. State,17
sanctions_contempt,Caperton v. A.T,17
sanctions_contempt,In re Inquiry,16
sanctions_contempt,In re Canales,16
sanctions_contempt,In re Blakeney,15
sanctions_contempt,In re Team,15
sanctions_contempt,Quintero v. Jim,15
sanctions_contempt,Padilla v. LaFrance,15
sanctions_contempt,In re Villarreal,15
sanctions_contempt,Barnes v. State,15
sanctions_contempt,Breceda v. Whi,14
sanctions_contempt,In re Scheller,14
sanctions_contempt,Guillen v. Cameron,14
sanctions_contempt,Inc. v. Rivera,14
sanctions_contempt,In re Tex,13
sanctions_contempt,Inc. v. Pechero,13
sanctions_contempt,Nicholas v. Envtl,13
removal_remand,Walker v. Packer,53
removal_remand,In re Prudential,50
removal_remand,S.P.R.L. v. Imrex,50
removal_remand,In re C.J.C,43
removal_remand,In re Marriage,40
removal_remand,Inc. v. Northwestern,36
removal_remand,Corp. v. Twombly,36
removal_remand,Bustos v. Invierte,34
removal_remand,Tal v. Hogan,34
removal_remand,Burnaman v. Heaton,33
removal_remand,Troxel v. Granville,33
removal_remand,Boyle v. United,33
removal_remand,Ashcroft v. Iqbal,32
removal_remand,In re Interest,32
removal_remand,States v. Greenberg,30
removal_remand,Smulley v. Fed,30
removal_remand,Co. v. Donovan,30
removal_remand,Corp. v. Stone,30
removal_remand,Skurkey v. Daniel,30
removal_remand,Co. v. FNF,29
removal_remand,Bank v. Monson,28
removal_remand,Bixler v. Foster,27
removal_remand,In re Norman,26
removal_remand,States v. Compton,26
removal_remand,U.S. v. Admon,26
removal_remand,Perrin v. United,26
removal_remand,Bonton v. Archer,26
removal_remand,Inc. v. SFHC,26
removal_remand,Hall v. Witteman,26
removal_remand,Schrag v. Dinges,26
removal_remand,Curtis v. Gibbs,25
removal_remand,In re Rose,25
removal_remand,George v. Urban,25
removal_remand,Mathews v. Eldridge,24
removal_remand,Hall v. Bellmon,24
removal_remand,Holley v. Adams,23
removal_remand,Brown v. City,23
removal_remand,Brooks v. Mentor,23
removal_remand,George v. Urb,23
removal_remand,Pagel v. Wash,23
child_support_oag,In re Prudential,50
child_support_oag,Walker v. Packer,43
child_support_oag,Burnaman v. Heaton,37
child_support_oag,In re Marriage,36
child_support_oag,In re C.J.C,36
child_support_oag,Troxel v. Granville,26
child_support_oag,In re Interest,26
child_support_oag,Holley v. Adams,22
child_support_oag,Mathews v. Eldridge,22
child_support_oag,In re Blakeney,21
child_support_oag,Curtis v. Gibbs,20
child_support_oag,In re Team,20
child_support_oag,In re Conner,20
child_support_oag,Wyatt v. Shaw,20
child_support_oag,In re Bonds,18
child_support_oag,Myers v Charles,18
child_support_oag,Daenekas v. Thorpe,18
child_support_oag,Young v. Young,18
child_support_oag,Cosgrove v. Grimes,18
child_support_oag,Smith v. Jones,18
child_support_oag,Perry v. Del,17
child_support_oag,Bypass v. Axos,17
child_support_oag,U.S. v. Welch,17
child_support_oag,Browning v. Prostok,16
child_support_oag,In re Layton,16
child_support_oag,Billisits v. Billisits,16
child_support_oag,States v. Harris,16
child_support_oag,U.S. v. Smith,16
child_support_oag,States v. Nissen,16
child_support_oag,States v. Martinez,16
child_support_oag,States v. Randall,16
child_support_oag,Inc. v. Gable,16
child_support_oag,In re Charles,15
child_support_oag,Lenz v. Lenz,15
child_support_oag,Inc. v. Chapman,15
child_support_oag,In re Scheller,15
child_support_oag,Corp. v. Garcia,15
child_support_oag,In re Villarreal,15
child_support_oag,Clinton v. Sec,15
child_support_oag,States v. Tao,15
rico,S.P.R.L. v. Imrex,104
rico,Inc. v. Northwestern,78
rico,Boyle v. United,65
rico,States v. Turkette,52
rico,Tal v. Hogan,44
rico,Corp. v. Stone,41
rico,Corp. v. Twombly,40
rico,Bustos v. Invierte,39
rico,Inc v. Northwestern,39
rico,Hall v. Witteman,37
rico,Bixler v. Foster,37
rico,Skurkey v. Daniel,36
rico,Co. v. Donovan,35
rico,Schrag v. Dinges,35
rico,Heinrich v. Waiting,35
rico,Ashcroft v. Iqbal,34
rico,George v. Urban,33
rico,Inc. v. SFHC,32
rico,Co. v. FNF,32
rico,Inc. v. Dick,32
rico,Reves v. Ernst,32
rico,Bonton v. Archer,31
rico,Bank v. Monson,31
rico,Sedima v. Imrex,31
rico,States v. Greenberg,30
rico,Smulley v. Fed,30
rico,Johnson v. Heath,29
rico,U.S. v. Admon,29
rico,Perrin v. United,29
rico,U.S. v. Welch,29
rico,Bridge v. Phoenix,27
rico,States v. Compton,26
rico,Heden v. Hill,25
rico,Hall v. Bellmon,24
rico,Brown v. City,24
rico,Brooks v. Mentor,24
rico,George v. Urb,24
rico,Bypass v. Axos,24
rico,U.S. v. Smith,24
rico,Inc. v. Gable,24
