issue,statute,doc_count
custody,Tex. Fam. Code 153.002,51
notice,Tex. Fam. Code 153.002,51
law_enforcement,Tex. Fam. Code 153.002,50
mandamus,Tex. Fam. Code 153.002,50
property_financial,Tex. Fam. Code 153.002,50
hearing,Tex. Fam. Code 153.002,50
federal_court,Tex. Fam. Code 153.002,50
fraud_perjury,Tex. Fam. Code 153.002,48
removal_remand,Tex. Fam. Code 153.002,47
appeal,Tex. Fam. Code 153.002,47
due_process,Tex. Fam. Code 153.002,46
temporary_orders,Tex. Fam. Code 153.002,45
protective_order,Tex. Fam. Code 153.002,44
appeal,Tex. Fam. Code 105.001,44
custody,Tex. Fam. Code 105.001,44
associate_judge,Tex. Fam. Code 105.001,44
discovery,Tex. Fam. Code 153.002,44
temporary_orders,Tex. Fam. Code 105.001,44
notice,Tex. Fam. Code 105.001,44
hearing,Tex. Fam. Code 105.001,44
injunction,Tex. Fam. Code 153.002,43
protective_order,Tex. Fam. Code 105.001,43
property_financial,Tex. Fam. Code 105.001,43
federal_court,Tex. Fam. Code 105.001,43
mandamus,Tex. Fam. Code 105.001,42
jurisdiction,Tex. Fam. Code 153.002,42
child_support_oag,Tex. Fam. Code 153.002,42
sanctions_contempt,Tex. Fam. Code 153.002,42
lockout_eviction,Tex. Fam. Code 153.002,42
associate_judge,Tex. Fam. Code 153.002,41
due_process,Tex. Fam. Code 105.001,40
lockout_eviction,Tex. Fam. Code 105.001,40
fraud_perjury,Tex. Fam. Code 105.001,40
law_enforcement,Tex. Fam. Code 105.001,39
jurisdiction,Tex. Fam. Code 105.001,39
injunction,Tex. Fam. Code 105.001,39
ex_parte,Tex. Fam. Code 105.001,38
ex_parte,Tex. Fam. Code 153.002,38
sanctions_contempt,Tex. Fam. Code 105.001,37
removal_remand,Tex. Fam. Code 105.001,36
child_support_oag,Tex. Fam. Code 105.001,35
discovery,Tex. Fam. Code 105.001,34
federal_court,Tex. R. Civ. P. 18a,32
recusal,Tex. R. Civ. P. 18a,32
property_financial,Tex. Fam. Code 153.001,31
appeal,Tex. Fam. Code 153.001,31
custody,Tex. Fam. Code 153.001,31
notice,Tex. Fam. Code 153.001,31
hearing,Tex. Fam. Code 153.001,31
federal_court,Tex. Fam. Code 153.001,31
law_enforcement,Tex. Fam. Code 153.001,30
mandamus,Tex. Fam. Code 153.001,30
jurisdiction,Tex. Fam. Code 153.001,30
temporary_orders,Tex. Fam. Code 153.001,30
protective_order,Tex. Fam. Code 153.001,29
associate_judge,Tex. Fam. Code 153.001,29
fraud_perjury,Tex. Fam. Code 153.001,29
injunction,Tex. Fam. Code 153.001,28
removal_remand,Tex. Fam. Code 153.001,28
due_process,Tex. R. Civ. P. 18a,28
hearing,Tex. R. Civ. P. 18a,28
child_support_oag,Tex. Fam. Code 153.001,27
recusal,Tex. Fam. Code 153.002,27
discovery,Tex. Fam. Code 153.001,27
law_enforcement,Tex. R. Civ. P. 166a,26
recusal,Tex. Fam. Code 153.001,26
property_financial,Tex. R. Civ. P. 166a,26
due_process,Tex. Fam. Code 153.001,26
sanctions_contempt,Tex. Fam. Code 153.001,26
removal_remand,Tex. R. Civ. P. 166a,26
custody,Tex. R. Civ. P. 166a,26
notice,Tex. R. Civ. P. 166a,26
hearing,Tex. R. Civ. P. 166a,26
federal_court,Tex. R. Civ. P. 166a,26
recusal,Tex. R. Civ. P. 166a,25
ex_parte,Tex. Fam. Code 153.001,25
lockout_eviction,Tex. Fam. Code 153.001,25
jurisdiction,Tex. R. Civ. P. 166a,24
child_support_oag,Tex. R. Civ. P. 166a,24
protective_order,Tex. R. Civ. P. 166a,24
discovery,Tex. R. Civ. P. 166a,24
temporary_orders,Tex. R. Civ. P. 166a,24
fraud_perjury,Tex. R. Civ. P. 166a,24
notice,Tex. R. Civ. P. 18a,24
appeal,Tex. R. Civ. P. 18a,24
associate_judge,Tex. R. Civ. P. 18a,24
mandamus,Tex. R. Civ. P. 166a,23
due_process,Tex. R. Civ. P. 166a,23
jurisdiction,Tex. R. Civ. P. 18a,23
property_financial,Tex. R. Civ. P. 18a,22
law_enforcement,Tex. R. Civ. P. 12,21
injunction,Tex. R. Civ. P. 166a,21
recusal,Tex. Fam. Code 105.001,21
appeal,Tex. R. Civ. P. 12,21
appeal,Tex. R. Civ. P. 166a,21
notice,Tex. R. Civ. P. 12,21
hearing,Tex. R. Civ. P. 12,21
federal_court,Tex. R. Civ. P. 12,21
federal_court,Tex. R. Civ. P. 21,21
discovery,Tex. R. Civ. P. 198,21
federal_court,Tex. R. Civ. P. 198,21
custody,Tex. R. Civ. P. 198,21
property_financial,Tex. R. Civ. P. 198,21
sanctions_contempt,Tex. R. Civ. P. 18a,21
sanctions_contempt,Tex. R. Civ. P. 12,20
sanctions_contempt,Tex. R. Civ. P. 166a,20
custody,Tex. R. Civ. P. 12,20
custody,Tex. R. Civ. P. 21,20
associate_judge,Tex. R. Civ. P. 166a,20
notice,Tex. R. Civ. P. 21,20
temporary_orders,Tex. R. Civ. P. 198,20
law_enforcement,Tex. R. Civ. P. 21,19
mandamus,Tex. R. Civ. P. 12,19
injunction,Tex. R. Civ. P. 12,19
ex_parte,Tex. R. Civ. P. 166a,19
property_financial,Tex. R. Civ. P. 12,19
due_process,Tex. R. Civ. P. 12,19
appeal,Tex. R. Civ. P. 21,19
discovery,Tex. R. Civ. P. 12,19
lockout_eviction,Tex. R. Civ. P. 12,19
hearing,Tex. R. Civ. P. 21,19
fraud_perjury,Tex. R. Civ. P. 12,19
sanctions_contempt,Tex. R. Civ. P. 198,19
protective_order,Tex. R. Civ. P. 198,19
notice,Tex. R. Civ. P. 198,19
fraud_perjury,Tex. R. Civ. P. 198,19
hearing,Tex. R. Civ. P. 198,19
removal_remand,Tex. R. Civ. P. 198,19
law_enforcement,Tex. R. Civ. P. 18a,19
mandamus,Tex. R. Civ. P. 18a,19
recusal,Tex. R. Civ. P. 18b,19
ex_parte,Tex. Fam. Code 83.006,19
property_financial,Tex. Fam. Code 83.006,19
due_process,Tex. Fam. Code 83.006,19
due_process,Tex. R. Civ. P. 18b,19
appeal,Tex. Fam. Code 83.006,19
associate_judge,Tex. R. Civ. P. 18b,19
notice,Tex. Fam. Code 83.006,19
lockout_eviction,Tex. R. Civ. P. 18a,19
hearing,Tex. Fam. Code 83.006,19
hearing,Tex. R. Civ. P. 18b,19
federal_court,Tex. Fam. Code 83.006,19
federal_court,Tex. R. Civ. P. 18b,19
jurisdiction,Tex. R. Civ. P. 12,18
child_support_oag,Tex. R. Civ. P. 12,18
recusal,Tex. R. Civ. P. 21,18
property_financial,Tex. R. Civ. P. 21,18
removal_remand,Tex. R. Civ. P. 12,18
associate_judge,Tex. R. Civ. P. 12,18
custody,Tex. R. Civ. P. 18a,18
mandamus,Tex. R. Civ. P. 18b,18
protective_order,Tex. Fam. Code 83.006,18
removal_remand,Tex. Fam. Code 83.006,18
appeal,Tex. R. Civ. P. 18b,18
temporary_orders,Tex. Fam. Code 83.006,18
notice,Tex. R. Civ. P. 18b,18
lockout_eviction,Tex. Fam. Code 83.006,18
fraud_perjury,Tex. R. Civ. P. 18a,18
law_enforcement,Tex. Fam. Code 85.001,18
protective_order,Tex. Fam. Code 85.001,18
property_financial,Tex. Fam. Code 85.001,18
due_process,Tex. Fam. Code 85.001,18
temporary_orders,Tex. Fam. Code 85.001,18
notice,Tex. Fam. Code 85.001,18
lockout_eviction,Tex. Fam. Code 85.001,18
hearing,Tex. Fam. Code 85.001,18
federal_court,Tex. Fam. Code 85.001,18
child_support_oag,Tex. R. Civ. P. 21,17
ex_parte,Tex. R. Civ. P. 12,17
due_process,Tex. R. Civ. P. 21,17
associate_judge,Tex. R. Civ. P. 21,17
lockout_eviction,Tex. R. Civ. P. 166a,17
child_support_oag,Tex. R. Civ. P. 198,17
lockout_eviction,Tex. R. Civ. P. 198,17
law_enforcement,Tex. R. Civ. P. 18b,17
jurisdiction,Tex. Fam. Code 83.006,17
child_support_oag,Tex. R. Civ. P. 18a,17
custody,Tex. Fam. Code 83.006,17
temporary_orders,Tex. R. Civ. P. 18a,17
fraud_perjury,Tex. Fam. Code 83.006,17
mandamus,Tex. Fam. Code 85.001,17
ex_parte,Tex. Fam. Code 85.001,17
sanctions_contempt,Tex. Fam. Code 85.001,17
appeal,Tex. Fam. Code 85.001,17
custody,Tex. Fam. Code 85.001,17
associate_judge,Tex. Fam. Code 85.001,17
discovery,Tex. Fam. Code 85.001,17
fraud_perjury,Tex. Fam. Code 85.001,17
mandamus,Tex. R. Civ. P. 21,16
jurisdiction,Tex. R. Civ. P. 21,16
protective_order,Tex. R. Civ. P. 21,16
mandamus,Tex. Fam. Code 201.013,16
mandamus,Tex. Fam. Code 201.015,16
jurisdiction,Tex. Fam. Code 201.013,16
injunction,Tex. Fam. Code 201.013,16
property_financial,Tex. Fam. Code 201.013,16
property_financial,Tex. Fam. Code 201.015,16
sanctions_contempt,Tex. Fam. Code 201.013,16
appeal,Tex. Fam. Code 201.013,16
appeal,Tex. Fam. Code 201.015,16
custody,Tex. Fam. Code 201.013,16
associate_judge,Tex. Fam. Code 201.013,16
associate_judge,Tex. Fam. Code 201.015,16
temporary_orders,Tex. Fam. Code 201.015,16
notice,Tex. Fam. Code 201.013,16
notice,Tex. Fam. Code 201.015,16
lockout_eviction,Tex. Fam. Code 201.013,16
hearing,Tex. Fam. Code 201.013,16
hearing,Tex. Fam. Code 201.015,16
federal_court,Tex. Fam. Code 201.013,16
federal_court,Tex. Fam. Code 201.015,16
law_enforcement,Tex. Fam. Code 83.006,16
mandamus,Tex. Fam. Code 83.006,16
jurisdiction,Tex. R. Civ. P. 18b,16
child_support_oag,Tex. Fam. Code 83.006,16
injunction,Tex. Fam. Code 83.006,16
property_financial,Tex. R. Civ. P. 18b,16
discovery,Tex. Fam. Code 83.006,16
discovery,Tex. R. Civ. P. 18a,16
lockout_eviction,Tex. R. Civ. P. 18b,16
removal_remand,Tex. Fam. Code 85.001,16
jurisdiction,Tex. Fam. Code 6.405,15
injunction,Tex. R. Civ. P. 21,15
recusal,Tex. R. Civ. P. 12,15
protective_order,Tex. R. Civ. P. 12,15
protective_order,Tex. Fam. Code 6.405,15
ex_parte,Tex. R. Civ. P. 21,15
property_financial,Tex. Fam. Code 6.405,15
removal_remand,Tex. R. Civ. P. 21,15
removal_remand,Tex. Fam. Code 6.405,15
appeal,Tex. Fam. Code 6.405,15
custody,Tex. Fam. Code 6.405,15
discovery,Tex. R. Civ. P. 21,15
discovery,Tex. Fam. Code 6.405,15
temporary_orders,Tex. R. Civ. P. 12,15
temporary_orders,Tex. R. Civ. P. 21,15
temporary_orders,Tex. Fam. Code 6.405,15
notice,Tex. Fam. Code 6.405,15
lockout_eviction,Tex. Fam. Code 6.405,15
hearing,Tex. Fam. Code 6.405,15
fraud_perjury,Tex. R. Civ. P. 21,15
fraud_perjury,Tex. Fam. Code 6.405,15
federal_court,Tex. Fam. Code 6.405,15
injunction,Tex. R. Civ. P. 18a,15
appeal,Tex. R. Civ. P. 198,15
custody,Tex. Fam. Code 201.015,15
jurisdiction,Tex. R. Civ. P. 11,15
federal_court,Tex. R. Civ. P. 11,15
due_process,Tex. R. Civ. P. 11,15
notice,Tex. R. Civ. P. 11,15
lockout_eviction,Tex. R. Civ. P. 11,15
fraud_perjury,Tex. R. Civ. P. 11,15
hearing,Tex. R. Civ. P. 11,15
appeal,Tex. R. Civ. P. 11,15
custody,Tex. R. Civ. P. 11,15
property_financial,Tex. R. Civ. P. 11,15
recusal,Tex. Fam. Code 83.006,15
ex_parte,Tex. R. Civ. P. 18a,15
sanctions_contempt,Tex. Fam. Code 83.006,15
custody,Tex. R. Civ. P. 18b,15
associate_judge,Tex. Fam. Code 83.006,15
temporary_orders,Tex. R. Civ. P. 18b,15
injunction,Tex. Fam. Code 85.001,15
recusal,Tex. Fam. Code 85.001,15
injunction,Tex. Fam. Code 6.405,14
sanctions_contempt,Tex. R. Civ. P. 21,14
lockout_eviction,Tex. R. Civ. P. 21,14
jurisdiction,Tex. R. Civ. P. 198,14
injunction,Tex. R. Civ. P. 198,14
mandamus,Tex. R. Civ. P. 198,14
ex_parte,Tex. R. Civ. P. 198,14
law_enforcement,Tex. R. Civ. P. 198,14
jurisdiction,Tex. Fam. Code 201.015,14
injunction,Tex. Fam. Code 201.015,14
protective_order,Tex. Fam. Code 201.015,14
due_process,Tex. Fam. Code 201.013,14
lockout_eviction,Tex. Fam. Code 201.015,14
child_support_oag,Tex. R. Civ. P. 11,14
removal_remand,Tex. R. Civ. P. 11,14
ex_parte,Tex. R. Civ. P. 18b,14
removal_remand,Tex. R. Civ. P. 18a,14
jurisdiction,Tex. Fam. Code 85.001,14
ex_parte,Tex. R. Civ. P. 3,13
appeal,Tex. R. Civ. P. 3,13
custody,Tex. R. Civ. P. 3,13
discovery,Tex. R. Civ. P. 3,13
notice,Tex. R. Civ. P. 3,13
hearing,Tex. R. Civ. P. 3,13
fraud_perjury,Tex. R. Civ. P. 3,13
federal_court,Tex. R. Civ. P. 3,13
associate_judge,Tex. R. Civ. P. 198,13
due_process,Tex. R. Civ. P. 198,13
mandamus,Tex. Fam. Code 155.001,13
mandamus,Tex. Fam. Code 201.007,13
jurisdiction,Tex. Fam. Code 155.001,13
jurisdiction,Tex. Fam. Code 201.007,13
child_support_oag,Tex. Fam. Code 201.013,13
child_support_oag,Tex. Fam. Code 155.001,13
injunction,Tex. Fam. Code 155.001,13
injunction,Tex. Fam. Code 201.007,13
protective_order,Tex. Fam. Code 201.013,13
protective_order,Tex. Fam. Code 155.001,13
protective_order,Tex. Fam. Code 201.007,13
ex_parte,Tex. Fam. Code 155.001,13
property_financial,Tex. Fam. Code 155.001,13
property_financial,Tex. Fam. Code 201.007,13
due_process,Tex. Fam. Code 155.001,13
sanctions_contempt,Tex. Fam. Code 201.015,13
sanctions_contempt,Tex. Fam. Code 155.001,13
sanctions_contempt,Tex. Fam. Code 201.007,13
appeal,Tex. Fam. Code 155.001,13
appeal,Tex. Fam. Code 201.007,13
custody,Tex. Fam. Code 155.001,13
custody,Tex. Fam. Code 201.007,13
associate_judge,Tex. Fam. Code 155.001,13
associate_judge,Tex. Fam. Code 201.007,13
temporary_orders,Tex. Fam. Code 201.013,13
temporary_orders,Tex. Fam. Code 155.001,13
temporary_orders,Tex. Fam. Code 201.007,13
notice,Tex. Fam. Code 155.001,13
notice,Tex. Fam. Code 201.007,13
lockout_eviction,Tex. Fam. Code 155.001,13
lockout_eviction,Tex. Fam. Code 201.007,13
hearing,Tex. Fam. Code 155.001,13
hearing,Tex. Fam. Code 201.007,13
fraud_perjury,Tex. Fam. Code 201.013,13
fraud_perjury,Tex. Fam. Code 155.001,13
federal_court,Tex. Fam. Code 155.001,13
federal_court,Tex. Fam. Code 201.007,13
sanctions_contempt,Tex. R. Civ. P. 11,13
mandamus,Tex. R. Civ. P. 11,13
injunction,Tex. R. Civ. P. 11,13
associate_judge,Tex. R. Civ. P. 11,13
child_support_oag,Tex. R. Civ. P. 18b,13
injunction,Tex. R. Civ. P. 18b,13
protective_order,Tex. R. Civ. P. 18b,13
protective_order,Tex. R. Civ. P. 18a,13
sanctions_contempt,Tex. R. Civ. P. 18b,13
removal_remand,Tex. R. Civ. P. 18b,13
discovery,Tex. R. Civ. P. 18b,13
fraud_perjury,Tex. R. Civ. P. 18b,13
child_support_oag,Tex. Fam. Code 85.001,13
law_enforcement,Tex. R. Civ. P. 8,12
law_enforcement,Tex. Penal Code 37.02,12
mandamus,Tex. Penal Code 37.02,12
injunction,Tex. Penal Code 37.02,12
recusal,Tex. Penal Code 37.02,12
protective_order,Tex. Penal Code 37.02,12
ex_parte,Tex. Penal Code 37.02,12
property_financial,Tex. Penal Code 37.02,12
sanctions_contempt,Tex. Penal Code 37.02,12
removal_remand,Tex. Penal Code 37.02,12
appeal,Tex. Penal Code 37.02,12
custody,Tex. R. Civ. P. 8,12
custody,Tex. Penal Code 37.02,12
discovery,Tex. Penal Code 37.02,12
temporary_orders,Tex. Penal Code 37.02,12
notice,Tex. R. Civ. P. 8,12
notice,Tex. Penal Code 37.02,12
lockout_eviction,Tex. Penal Code 37.02,12
hearing,Tex. Penal Code 37.02,12
fraud_perjury,Tex. Penal Code 37.02,12
federal_court,Tex. R. Civ. P. 8,12
federal_court,Tex. Penal Code 37.02,12
recusal,Tex. R. Civ. P. 198,12
law_enforcement,Tex. Fam. Code 155.001,12
law_enforcement,Tex. R. Civ. P. 174,12
mandamus,Tex. Fam. Code 6.407,12
mandamus,Tex. R. Civ. P. 174,12
jurisdiction,Tex. Fam. Code 6.407,12
child_support_oag,Tex. Fam. Code 6.407,12
child_support_oag,Tex. Fam. Code 201.015,12
injunction,Tex. Fam. Code 6.407,12
injunction,Tex. R. Civ. P. 174,12
protective_order,Tex. Fam. Code 6.407,12
ex_parte,Tex. Fam. Code 6.407,12
ex_parte,Tex. Fam. Code 201.015,12
property_financial,Tex. Fam. Code 6.407,12
property_financial,Tex. R. Civ. P. 174,12
due_process,Tex. Fam. Code 6.407,12
due_process,Tex. Fam. Code 201.015,12
due_process,Tex. R. Civ. P. 174,12
sanctions_contempt,Tex. Fam. Code 6.407,12
removal_remand,Tex. Fam. Code 155.001,12
appeal,Tex. Fam. Code 6.407,12
appeal,Tex. R. Civ. P. 174,12
custody,Tex. Fam. Code 6.407,12
custody,Tex. R. Civ. P. 174,12
associate_judge,Tex. Fam. Code 6.407,12
temporary_orders,Tex. Fam. Code 6.407,12
notice,Tex. Fam. Code 6.407,12
notice,Tex. R. Civ. P. 174,12
lockout_eviction,Tex. Fam. Code 6.407,12
lockout_eviction,Tex. R. Civ. P. 174,12
hearing,Tex. Fam. Code 6.407,12
hearing,Tex. R. Civ. P. 174,12
fraud_perjury,Tex. Fam. Code 6.407,12
federal_court,Tex. Fam. Code 6.407,12
federal_court,Tex. R. Civ. P. 174,12
discovery,Tex. R. Civ. P. 11,12
law_enforcement,Tex. R. Civ. P. 11,12
temporary_orders,Tex. R. Civ. P. 11,12
protective_order,Tex. R. Civ. P. 11,12
ex_parte,Tex. R. Civ. P. 11,12
law_enforcement,Tex. Fam. Code 6.405,11
law_enforcement,Tex. Penal Code 37.03,11
mandamus,Tex. Penal Code 37.03,11
jurisdiction,Tex. Penal Code 37.02,11
jurisdiction,Tex. Penal Code 37.03,11
child_support_oag,Tex. Penal Code 37.02,11
child_support_oag,Tex. Fam. Code 6.405,11
injunction,Tex. Penal Code 37.03,11
recusal,Tex. Penal Code 37.03,11
protective_order,Tex. Penal Code 37.03,11
ex_parte,Tex. Fam. Code 6.405,11
ex_parte,Tex. Penal Code 37.03,11
property_financial,Tex. Penal Code 37.03,11
due_process,Tex. Penal Code 37.02,11
due_process,Tex. Fam. Code 6.405,11
sanctions_contempt,Tex. Penal Code 37.03,11
removal_remand,Tex. Penal Code 37.03,11
appeal,Tex. Penal Code 37.03,11
custody,Tex. Penal Code 37.03,11
associate_judge,Tex. Penal Code 37.02,11
associate_judge,Tex. Fam. Code 6.405,11
associate_judge,Tex. Penal Code 37.03,11
discovery,Tex. Penal Code 37.03,11
temporary_orders,Tex. Penal Code 37.03,11
notice,Tex. Penal Code 37.03,11
lockout_eviction,Tex. Penal Code 37.03,11
hearing,Tex. Penal Code 37.03,11
fraud_perjury,Tex. Penal Code 37.03,11
federal_court,Tex. Penal Code 37.03,11
discovery,Tex. R. Civ. P. 215,11
jurisdiction,Tex. R. Civ. P. 215,11
sanctions_contempt,Tex. R. Civ. P. 215,11
federal_court,Tex. R. Civ. P. 215,11
child_support_oag,Tex. R. Civ. P. 215,11
notice,Tex. R. Civ. P. 215,11
fraud_perjury,Tex. R. Civ. P. 215,11
hearing,Tex. R. Civ. P. 215,11
custody,Tex. R. Civ. P. 215,11
associate_judge,Tex. R. Civ. P. 215,11
property_financial,Tex. R. Civ. P. 215,11
law_enforcement,Tex. Fam. Code 6.407,11
law_enforcement,Tex. R. Civ. P. 680,11
law_enforcement,Tex. Fam. Code 155.201,11
mandamus,Tex. R. Civ. P. 680,11
mandamus,Tex. Fam. Code 155.201,11
mandamus,Tex. Fam. Code 201.011,11
jurisdiction,Tex. R. Civ. P. 680,11
jurisdiction,Tex. Fam. Code 155.201,11
jurisdiction,Tex. Fam. Code 201.011,11
jurisdiction,Tex. R. Civ. P. 174,11
child_support_oag,Tex. Fam. Code 155.201,11
child_support_oag,Tex. R. Civ. P. 174,11
injunction,Tex. R. Civ. P. 680,11
injunction,Tex. Fam. Code 155.201,11
injunction,Tex. Fam. Code 201.011,11
protective_order,Tex. Fam. Code 201.011,11
ex_parte,Tex. Fam. Code 201.013,11
ex_parte,Tex. R. Civ. P. 680,11
ex_parte,Tex. Fam. Code 201.011,11
ex_parte,Tex. Fam. Code 201.007,11
property_financial,Tex. R. Civ. P. 680,11
property_financial,Tex. Fam. Code 155.201,11
property_financial,Tex. Fam. Code 201.011,11
due_process,Tex. R. Civ. P. 680,11
due_process,Tex. Fam. Code 201.011,11
due_process,Tex. Fam. Code 201.007,11
sanctions_contempt,Tex. R. Civ. P. 680,11
sanctions_contempt,Tex. Fam. Code 201.011,11
removal_remand,Tex. Fam. Code 6.407,11
removal_remand,Tex. R. Civ. P. 680,11
removal_remand,Tex. R. Civ. P. 174,11
appeal,Tex. R. Civ. P. 680,11
appeal,Tex. Fam. Code 155.201,11
appeal,Tex. Fam. Code 201.011,11
custody,Tex. R. Civ. P. 680,11
custody,Tex. Fam. Code 201.011,11
associate_judge,Tex. Fam. Code 155.201,11
associate_judge,Tex. Fam. Code 201.011,11
associate_judge,Tex. R. Civ. P. 174,11
discovery,Tex. R. Civ. P. 174,11
civil_rights_1983,Tex. Fam. Code 105.001,11
temporary_orders,Tex. R. Civ. P. 680,11
temporary_orders,Tex. Fam. Code 155.201,11
temporary_orders,Tex. Fam. Code 201.011,11
notice,Tex. R. Civ. P. 680,11
notice,Tex. Fam. Code 155.201,11
notice,Tex. Fam. Code 201.011,11
lockout_eviction,Tex. R. Civ. P. 680,11
lockout_eviction,Tex. Fam. Code 201.011,11
hearing,Tex. R. Civ. P. 680,11
hearing,Tex. Fam. Code 155.201,11
hearing,Tex. Fam. Code 201.011,11
fraud_perjury,Tex. R. Civ. P. 680,11
fraud_perjury,Tex. R. Civ. P. 174,11
federal_court,Tex. R. Civ. P. 680,11
federal_court,Tex. Fam. Code 155.201,11
federal_court,Tex. Fam. Code 201.011,11
law_enforcement,Tex. R. Civ. P. 245,11
mandamus,Tex. R. Civ. P. 245,11
jurisdiction,Tex. R. Civ. P. 245,11
child_support_oag,Tex. R. Civ. P. 245,11
injunction,Tex. R. Civ. P. 245,11
protective_order,Tex. R. Civ. P. 245,11
ex_parte,Tex. R. Civ. P. 245,11
property_financial,Tex. R. Civ. P. 245,11
due_process,Tex. R. Civ. P. 245,11
sanctions_contempt,Tex. R. Civ. P. 245,11
removal_remand,Tex. R. Civ. P. 245,11
appeal,Tex. R. Civ. P. 245,11
custody,Tex. R. Civ. P. 245,11
associate_judge,Tex. R. Civ. P. 245,11
discovery,Tex. R. Civ. P. 245,11
temporary_orders,Tex. R. Civ. P. 245,11
notice,Tex. R. Civ. P. 245,11
lockout_eviction,Tex. R. Civ. P. 245,11
hearing,Tex. R. Civ. P. 245,11
fraud_perjury,Tex. R. Civ. P. 245,11
federal_court,Tex. R. Civ. P. 245,11
jurisdiction,Tex. Fam. Code 105.003,11
injunction,Tex. Fam. Code 105.003,11
protective_order,Tex. Fam. Code 105.003,11
property_financial,Tex. Fam. Code 105.003,11
removal_remand,Tex. Fam. Code 105.003,11
appeal,Tex. Fam. Code 105.003,11
custody,Tex. Fam. Code 105.003,11
discovery,Tex. Fam. Code 105.003,11
temporary_orders,Tex. Fam. Code 105.003,11
notice,Tex. Fam. Code 105.003,11
lockout_eviction,Tex. Fam. Code 105.003,11
hearing,Tex. Fam. Code 105.003,11
fraud_perjury,Tex. Fam. Code 105.003,11
federal_court,Tex. Fam. Code 105.003,11
law_enforcement,Tex. R. Civ. P. 3,10
mandamus,Tex. R. Civ. P. 8,10
mandamus,Tex. Fam. Code 6.405,10
jurisdiction,Tex. R. Civ. P. 8,10
child_support_oag,Tex. R. Civ. P. 8,10
child_support_oag,Tex. Penal Code 37.03,10
injunction,Tex. R. Civ. P. 8,10
recusal,Tex. R. Civ. P. 8,10
protective_order,Tex. R. Civ. P. 8,10
property_financial,Tex. R. Civ. P. 8,10
due_process,Tex. R. Civ. P. 8,10
due_process,Tex. Penal Code 37.03,10
sanctions_contempt,Tex. R. Civ. P. 8,10
sanctions_contempt,Tex. Fam. Code 6.405,10
sanctions_contempt,Tex. R. Civ. P. 3,10
removal_remand,Tex. R. Civ. P. 8,10
appeal,Tex. R. Civ. P. 8,10
associate_judge,Tex. R. Civ. P. 8,10
discovery,Tex. R. Civ. P. 8,10
temporary_orders,Tex. R. Civ. P. 8,10
lockout_eviction,Tex. R. Civ. P. 8,10
hearing,Tex. R. Civ. P. 8,10
fraud_perjury,Tex. R. Civ. P. 8,10
injunction,Tex. R. Civ. P. 215,10
lockout_eviction,Tex. R. Civ. P. 215,10
removal_remand,Tex. R. Civ. P. 215,10
jurisdiction,Tex. R. Civ. P. 237a,10
notice,Tex. R. Civ. P. 237a,10
hearing,Tex. R. Civ. P. 237a,10
removal_remand,Tex. R. Civ. P. 237a,10
federal_court,Tex. R. Civ. P. 237a,10
law_enforcement,Tex. Fam. Code 201.013,10
child_support_oag,Tex. R. Civ. P. 680,10
child_support_oag,Tex. Fam. Code 201.007,10
protective_order,Tex. R. Civ. P. 680,10
sanctions_contempt,Tex. R. Civ. P. 174,10
removal_remand,Tex. Fam. Code 201.013,10
associate_judge,Tex. R. Civ. P. 680,10
discovery,Tex. Fam. Code 201.013,10
fraud_perjury,Tex. Fam. Code 201.015,10
fraud_perjury,Tex. Fam. Code 201.007,10
mandamus,Tex. R. Civ. P. 3,9
jurisdiction,Tex. R. Civ. P. 3,9
child_support_oag,Tex. R. Civ. P. 3,9
injunction,Tex. R. Civ. P. 3,9
recusal,Tex. R. Civ. P. 3,9
protective_order,Tex. R. Civ. P. 3,9
ex_parte,Tex. R. Civ. P. 8,9
property_financial,Tex. R. Civ. P. 3,9
due_process,Tex. R. Civ. P. 3,9
removal_remand,Tex. R. Civ. P. 3,9
associate_judge,Tex. R. Civ. P. 3,9
temporary_orders,Tex. R. Civ. P. 3,9
lockout_eviction,Tex. R. Civ. P. 3,9
ex_parte,Tex. R. Civ. P. 174,9
discovery,Tex. Fam. Code 6.407,9
discovery,Tex. Fam. Code 155.001,9
civil_rights_1983,Tex. Fam. Code 153.002,9
discovery,Tex. R. Civ. P. 193,9
sanctions_contempt,Tex. R. Civ. P. 193,9
law_enforcement,Tex. R. Civ. P. 193,9
federal_court,Tex. R. Civ. P. 193,9
mandamus,Tex. R. Civ. P. 193,9
removal_remand,Tex. R. Civ. P. 193,9
notice,Tex. R. Civ. P. 193,9
fraud_perjury,Tex. R. Civ. P. 193,9
hearing,Tex. R. Civ. P. 193,9
appeal,Tex. R. Civ. P. 193,9
custody,Tex. R. Civ. P. 193,9
property_financial,Tex. R. Civ. P. 193,9
law_enforcement,Tex. Fam. Code 6.502,9
mandamus,Tex. Fam. Code 6.502,9
jurisdiction,Tex. Fam. Code 6.502,9
child_support_oag,Tex. Fam. Code 6.502,9
injunction,Tex. Fam. Code 6.502,9
protective_order,Tex. Fam. Code 6.502,9
ex_parte,Tex. Fam. Code 6.502,9
property_financial,Tex. Fam. Code 6.502,9
due_process,Tex. Fam. Code 6.502,9
sanctions_contempt,Tex. Fam. Code 6.502,9
removal_remand,Tex. Fam. Code 6.502,9
appeal,Tex. Fam. Code 6.502,9
custody,Tex. Fam. Code 6.502,9
associate_judge,Tex. Fam. Code 6.502,9
discovery,Tex. Fam. Code 6.502,9
temporary_orders,Tex. Fam. Code 6.502,9
notice,Tex. Fam. Code 6.502,9
lockout_eviction,Tex. Fam. Code 6.502,9
hearing,Tex. Fam. Code 6.502,9
fraud_perjury,Tex. Fam. Code 6.502,9
federal_court,Tex. Fam. Code 6.502,9
recusal,Tex. R. Civ. P. 11,9
mandamus,28 U.S.C. 1332,9
jurisdiction,28 U.S.C. 1332,9
protective_order,28 U.S.C. 1332,9
property_financial,28 U.S.C. 1332,9
removal_remand,28 U.S.C. 1332,9
appeal,28 U.S.C. 1332,9
custody,28 U.S.C. 1332,9
temporary_orders,28 U.S.C. 1332,9
notice,28 U.S.C. 1332,9
federal_court,28 U.S.C. 1332,9
jurisdiction,15 U.S.C. 1673,9
child_support_oag,15 U.S.C. 1673,9
property_financial,15 U.S.C. 1673,9
notice,15 U.S.C. 1673,9
federal_court,15 U.S.C. 1673,9
temporary_orders,Tex. R. Civ. P. 215,8
protective_order,Tex. R. Civ. P. 215,8
recusal,Tex. R. Civ. P. 215,8
discovery,Tex. Gov't Code 11,8
discovery,Tex. Gov't Code 93873858,8
discovery,Tex. Gov't Code 25.0017-18,8
jurisdiction,Tex. Gov't Code 11,8
jurisdiction,Tex. Gov't Code 93873858,8
jurisdiction,Tex. Gov't Code 25.0017-18,8
law_enforcement,Tex. Gov't Code 11,8
law_enforcement,Tex. Gov't Code 93873858,8
law_enforcement,Tex. Gov't Code 25.0017-18,8
federal_court,Tex. Gov't Code 11,8
federal_court,Tex. Gov't Code 93873858,8
federal_court,Tex. Gov't Code 25.0017-18,8
temporary_orders,Tex. Gov't Code 11,8
temporary_orders,Tex. Gov't Code 93873858,8
temporary_orders,Tex. Gov't Code 25.0017-18,8
mandamus,Tex. Gov't Code 11,8
mandamus,Tex. Gov't Code 93873858,8
mandamus,Tex. Gov't Code 25.0017-18,8
protective_order,Tex. Gov't Code 11,8
protective_order,Tex. Gov't Code 93873858,8
protective_order,Tex. Gov't Code 25.0017-18,8
child_support_oag,Tex. Gov't Code 11,8
child_support_oag,Tex. Gov't Code 93873858,8
child_support_oag,Tex. Gov't Code 25.0017-18,8
notice,Tex. Gov't Code 11,8
notice,Tex. Gov't Code 93873858,8
notice,Tex. Gov't Code 25.0017-18,8
fraud_perjury,Tex. Gov't Code 11,8
fraud_perjury,Tex. Gov't Code 93873858,8
fraud_perjury,Tex. Gov't Code 25.0017-18,8
recusal,Tex. Gov't Code 11,8
recusal,Tex. Gov't Code 93873858,8
recusal,Tex. Gov't Code 25.0017-18,8
hearing,Tex. Gov't Code 11,8
hearing,Tex. Gov't Code 93873858,8
hearing,Tex. Gov't Code 25.0017-18,8
removal_remand,Tex. Gov't Code 11,8
removal_remand,Tex. Gov't Code 93873858,8
removal_remand,Tex. Gov't Code 25.0017-18,8
custody,Tex. Gov't Code 11,8
custody,Tex. Gov't Code 93873858,8
custody,Tex. Gov't Code 25.0017-18,8
due_process,Tex. Gov't Code 11,8
due_process,Tex. Gov't Code 93873858,8
due_process,Tex. Gov't Code 25.0017-18,8
property_financial,Tex. Gov't Code 11,8
property_financial,Tex. Gov't Code 93873858,8
property_financial,Tex. Gov't Code 25.0017-18,8
law_enforcement,Tex. Fam. Code 153,8
law_enforcement,Tex. Fam. Code 201.015,8
mandamus,Tex. Fam. Code 153,8
child_support_oag,Tex. Fam. Code 201.011,8
injunction,Tex. Fam. Code 153,8
recusal,Tex. Fam. Code 6.407,8
recusal,Tex. Fam. Code 201.015,8
recusal,Tex. Fam. Code 155.001,8
recusal,Tex. R. Civ. P. 174,8
protective_order,Tex. Fam. Code 155.201,8
protective_order,Tex. R. Civ. P. 174,8
ex_parte,Tex. Fam. Code 155.201,8
ex_parte,Tex. Fam. Code 153,8
property_financial,Tex. Fam. Code 153,8
due_process,Tex. Fam. Code 155.201,8
due_process,Tex. Fam. Code 153,8
sanctions_contempt,Tex. Fam. Code 155.201,8
appeal,Tex. Fam. Code 153,8
custody,Tex. Fam. Code 155.201,8
custody,Tex. Fam. Code 153,8
discovery,Tex. Fam. Code 155.201,8
temporary_orders,Tex. R. Civ. P. 174,8
notice,Tex. Fam. Code 153,8
lockout_eviction,Tex. Fam. Code 155.201,8
lockout_eviction,Tex. Fam. Code 153,8
hearing,Tex. Fam. Code 153,8
fraud_perjury,Tex. Fam. Code 155.201,8
fraud_perjury,Tex. Fam. Code 201.011,8
federal_court,Tex. Fam. Code 153,8
jurisdiction,28 U.S.C. 1441,8
property_financial,28 U.S.C. 1441,8
removal_remand,28 U.S.C. 1441,8
custody,28 U.S.C. 1441,8
notice,28 U.S.C. 1441,8
federal_court,28 U.S.C. 1441,8
discovery,Tex. R. Civ. P. 237a,8
discovery,Tex. R. Civ. P. 165a,8
jurisdiction,Tex. R. Civ. P. 193,8
sanctions_contempt,Tex. R. Civ. P. 165a,8
law_enforcement,Tex. R. Civ. P. 237a,8
law_enforcement,Tex. R. Civ. P. 165a,8
law_enforcement,Tex. R. Civ. P. 215,8
federal_court,Tex. R. Civ. P. 165a,8
child_support_oag,Tex. R. Civ. P. 237a,8
child_support_oag,Tex. R. Civ. P. 165a,8
child_support_oag,Tex. R. Civ. P. 193,8
mandamus,Tex. R. Civ. P. 237a,8
mandamus,Tex. R. Civ. P. 165a,8
due_process,Tex. R. Civ. P. 237a,8
due_process,Tex. R. Civ. P. 165a,8
due_process,Tex. R. Civ. P. 193,8
removal_remand,Tex. R. Civ. P. 165a,8
injunction,Tex. R. Civ. P. 237a,8
injunction,Tex. R. Civ. P. 165a,8
injunction,Tex. R. Civ. P. 193,8
notice,Tex. R. Civ. P. 165a,8
lockout_eviction,Tex. R. Civ. P. 237a,8
lockout_eviction,Tex. R. Civ. P. 165a,8
lockout_eviction,Tex. R. Civ. P. 193,8
fraud_perjury,Tex. R. Civ. P. 237a,8
fraud_perjury,Tex. R. Civ. P. 165a,8
hearing,Tex. R. Civ. P. 165a,8
appeal,Tex. R. Civ. P. 237a,8
appeal,Tex. R. Civ. P. 165a,8
appeal,Tex. R. Civ. P. 215,8
custody,Tex. R. Civ. P. 237a,8
custody,Tex. R. Civ. P. 165a,8
associate_judge,Tex. R. Civ. P. 237a,8
property_financial,Tex. R. Civ. P. 237a,8
property_financial,Tex. R. Civ. P. 165a,8
rico,Tex. Fam. Code 153.002,8
child_support_oag,28 U.S.C. 1332,8
jurisdiction,28 U.S.C. 1331,8
injunction,28 U.S.C. 1331,8
protective_order,28 U.S.C. 1331,8
property_financial,28 U.S.C. 1331,8
removal_remand,28 U.S.C. 1331,8
appeal,28 U.S.C. 1331,8
custody,28 U.S.C. 1331,8
discovery,28 U.S.C. 1331,8
temporary_orders,15 U.S.C. 1673,8
notice,28 U.S.C. 1331,8
lockout_eviction,28 U.S.C. 1331,8
hearing,28 U.S.C. 1331,8
fraud_perjury,28 U.S.C. 1331,8
federal_court,28 U.S.C. 1331,8
federal_court,Tex. Gov't Code Ann,8
recusal,Tex. Gov't Code Ann,8
recusal,Tex. R. Civ. P. 237a,7
law_enforcement,Tex. Fam. Code 201.011,7
law_enforcement,Tex. Fam. Code 201.007,7
jurisdiction,Tex. Fam. Code 153,7
child_support_oag,Tex. Fam. Code 153,7
recusal,Tex. Fam. Code 201.013,7
recusal,Tex. R. Civ. P. 680,7
recusal,Tex. Fam. Code 155.201,7
recusal,Tex. Fam. Code 201.011,7
recusal,Tex. Fam. Code 153,7
recusal,Tex. Fam. Code 201.007,7
protective_order,Tex. Fam. Code 153,7
sanctions_contempt,Tex. Fam. Code 153,7
removal_remand,Tex. Fam. Code 155.201,7
removal_remand,Tex. Fam. Code 201.011,7
removal_remand,Tex. Fam. Code 153,7
removal_remand,Tex. Fam. Code 201.015,7
removal_remand,Tex. Fam. Code 201.007,7
associate_judge,Tex. Fam. Code 153,7
discovery,Tex. R. Civ. P. 680,7
discovery,Tex. Fam. Code 201.011,7
discovery,Tex. Fam. Code 153,7
discovery,Tex. Fam. Code 201.015,7
discovery,Tex. Fam. Code 201.007,7
temporary_orders,Tex. Fam. Code 153,7
fraud_perjury,Tex. Fam. Code 153,7
child_support_oag,28 U.S.C. 1441,7
recusal,28 U.S.C. 1441,7
due_process,28 U.S.C. 1441,7
appeal,28 U.S.C. 1441,7
discovery,28 U.S.C. 1441,7
temporary_orders,28 U.S.C. 1441,7
hearing,28 U.S.C. 1441,7
fraud_perjury,28 U.S.C. 1441,7
jurisdiction,Tex. R. Civ. P. 165a,7
sanctions_contempt,Tex. R. Civ. P. 237a,7
mandamus,Tex. R. Civ. P. 215,7
due_process,Tex. R. Civ. P. 215,7
associate_judge,Tex. R. Civ. P. 165a,7
associate_judge,Tex. R. Civ. P. 193,7
rico,Tex. Fam. Code 105.001,7
notice,Tex. R. Civ. P. 21a,7
law_enforcement,Tex. Fam. Code 105.003,7
mandamus,Tex. Fam. Code 105.003,7
child_support_oag,Tex. Fam. Code 105.003,7
ex_parte,Tex. Fam. Code 105.003,7
due_process,Tex. Fam. Code 105.003,7
sanctions_contempt,Tex. Fam. Code 105.003,7
associate_judge,Tex. Fam. Code 105.003,7
law_enforcement,28 U.S.C. 1332,7
ex_parte,28 U.S.C. 1332,7
lockout_eviction,28 U.S.C. 1332,7
hearing,28 U.S.C. 1332,7
fraud_perjury,28 U.S.C. 1332,7
law_enforcement,28 U.S.C. 1331,7
mandamus,28 U.S.C. 1391,7
jurisdiction,28 U.S.C. 1391,7
jurisdiction,28 U.S.C. 1257,7
child_support_oag,28 U.S.C. 1331,7
child_support_oag,28 U.S.C. 1257,7
injunction,28 U.S.C. 1257,7
recusal,15 U.S.C. 1673,7
protective_order,28 U.S.C. 1391,7
protective_order,28 U.S.C. 1257,7
property_financial,28 U.S.C. 1391,7
property_financial,28 U.S.C. 1257,7
due_process,28 U.S.C. 1331,7
due_process,28 U.S.C. 1257,7
removal_remand,28 U.S.C. 1391,7
removal_remand,28 U.S.C. 1257,7
appeal,28 U.S.C. 1391,7
appeal,28 U.S.C. 1257,7
appeal,15 U.S.C. 1673,7
custody,28 U.S.C. 1391,7
custody,28 U.S.C. 1257,7
custody,15 U.S.C. 1673,7
associate_judge,15 U.S.C. 1673,7
discovery,28 U.S.C. 1257,7
civil_rights_1983,Tex. Fam. Code 105.003,7
civil_rights_1983,Tex. Fam. Code 6.405,7
temporary_orders,28 U.S.C. 1331,7
temporary_orders,28 U.S.C. 1257,7
notice,28 U.S.C. 1391,7
notice,28 U.S.C. 1257,7
lockout_eviction,28 U.S.C. 1257,7
hearing,28 U.S.C. 1257,7
hearing,15 U.S.C. 1673,7
fraud_perjury,28 U.S.C. 1257,7
federal_court,28 U.S.C. 1391,7
federal_court,28 U.S.C. 1257,7
law_enforcement,Tex. Fam. Code 42.003,6
law_enforcement,Tex. Fam. Code 42.006,6
law_enforcement,Tex. Penal Code 25.03,6
jurisdiction,Tex. Fam. Code 42.003,6
jurisdiction,Tex. Fam. Code 42.006,6
jurisdiction,Tex. Penal Code 25.03,6
child_support_oag,Tex. Fam. Code 42.003,6
child_support_oag,Tex. Fam. Code 42.006,6
child_support_oag,Tex. Penal Code 25.03,6
injunction,Tex. Fam. Code 42.003,6
injunction,Tex. Fam. Code 42.006,6
injunction,Tex. Penal Code 25.03,6
recusal,Tex. Fam. Code 6.405,6
protective_order,Tex. Fam. Code 42.003,6
protective_order,Tex. Fam. Code 42.006,6
protective_order,Tex. Penal Code 25.03,6
ex_parte,Tex. Fam. Code 42.003,6
ex_parte,Tex. Fam. Code 42.006,6
ex_parte,Tex. Penal Code 25.03,6
property_financial,Tex. Fam. Code 42.003,6
property_financial,Tex. Fam. Code 42.006,6
property_financial,Tex. Penal Code 25.03,6
due_process,Tex. Fam. Code 42.003,6
due_process,Tex. Fam. Code 42.006,6
due_process,Tex. Penal Code 25.03,6
sanctions_contempt,Tex. Fam. Code 42.003,6
sanctions_contempt,Tex. Fam. Code 42.006,6
sanctions_contempt,Tex. Penal Code 25.03,6
removal_remand,Tex. Fam. Code 42.003,6
removal_remand,Tex. Fam. Code 42.006,6
removal_remand,Tex. Penal Code 25.03,6
appeal,Tex. Fam. Code 42.003,6
appeal,Tex. Fam. Code 42.006,6
appeal,Tex. Penal Code 25.03,6
custody,Tex. Fam. Code 42.003,6
custody,Tex. Fam. Code 42.006,6
custody,Tex. Penal Code 25.03,6
associate_judge,Tex. Fam. Code 42.003,6
associate_judge,Tex. Fam. Code 42.006,6
associate_judge,Tex. Penal Code 25.03,6
discovery,Tex. Fam. Code 42.003,6
discovery,Tex. Fam. Code 42.006,6
discovery,Tex. Penal Code 25.03,6
temporary_orders,Tex. Fam. Code 42.003,6
temporary_orders,Tex. Fam. Code 42.006,6
temporary_orders,Tex. Penal Code 25.03,6
notice,Tex. Fam. Code 42.003,6
notice,Tex. Fam. Code 42.006,6
notice,Tex. Penal Code 25.03,6
lockout_eviction,Tex. Fam. Code 42.003,6
lockout_eviction,Tex. Fam. Code 42.006,6
lockout_eviction,Tex. Penal Code 25.03,6
hearing,Tex. Fam. Code 42.003,6
hearing,Tex. Fam. Code 42.006,6
hearing,Tex. Penal Code 25.03,6
fraud_perjury,Tex. Fam. Code 42.003,6
fraud_perjury,Tex. Fam. Code 42.006,6
fraud_perjury,Tex. Penal Code 25.03,6
federal_court,Tex. Fam. Code 42.003,6
federal_court,Tex. Fam. Code 42.006,6
federal_court,Tex. Penal Code 25.03,6
civil_rights_1983,Tex. Fam. Code 201.013,6
civil_rights_1983,Tex. Fam. Code 6.407,6
civil_rights_1983,Tex. Fam. Code 155.201,6
civil_rights_1983,Tex. Fam. Code 201.011,6
civil_rights_1983,Tex. Fam. Code 201.015,6
civil_rights_1983,Tex. Fam. Code 155.001,6
civil_rights_1983,Tex. Fam. Code 201.007,6
civil_rights_1983,Tex. R. Civ. P. 21,6
civil_rights_1983,Tex. R. Civ. P. 166a,6
civil_rights_1983,Tex. R. Civ. P. 8,6
associate_judge,28 U.S.C. 1441,6
rico,Tex. R. Civ. P. 245,6
federal_court,Tex. R. Civ. P. 21a,6
protective_order,Tex. R. Civ. P. 193,6
civil_rights_1983,Tex. Fam. Code 85.001,6
law_enforcement,Tex. Fam. Code 85.00,6
mandamus,Tex. Fam. Code 85.00,6
recusal,Tex. Fam. Code 85.00,6
protective_order,Tex. Fam. Code 85.00,6
ex_parte,Tex. Fam. Code 85.00,6
property_financial,Tex. Fam. Code 85.00,6
due_process,Tex. Fam. Code 85.00,6
sanctions_contempt,Tex. Fam. Code 85.00,6
removal_remand,Tex. Fam. Code 85.00,6
appeal,Tex. Fam. Code 85.00,6
custody,Tex. Fam. Code 85.00,6
associate_judge,Tex. Fam. Code 85.00,6
discovery,Tex. Fam. Code 85.00,6
temporary_orders,Tex. Fam. Code 85.00,6
notice,Tex. Fam. Code 85.00,6
lockout_eviction,Tex. Fam. Code 85.00,6
hearing,Tex. Fam. Code 85.00,6
fraud_perjury,Tex. Fam. Code 85.00,6
federal_court,Tex. Fam. Code 85.00,6
injunction,28 U.S.C. 1332,6
recusal,28 U.S.C. 1332,6
due_process,28 U.S.C. 1332,6
associate_judge,28 U.S.C. 1332,6
discovery,28 U.S.C. 1332,6
law_enforcement,Tex. R. Civ. P. 684,6
law_enforcement,Tex. Fam. Code 6.501,6
law_enforcement,Tex. R. Civ. P. 683,6
law_enforcement,Tex. Fam. Code 6.503,6
law_enforcement,28 U.S.C. 1257,6
mandamus,Tex. R. Civ. P. 684,6
mandamus,Tex. R. Civ. P. 683,6
mandamus,28 U.S.C. 1331,6
jurisdiction,Tex. R. Civ. P. 684,6
jurisdiction,Tex. R. Civ. P. 683,6
child_support_oag,Tex. R. Civ. P. 684,6
child_support_oag,Tex. R. Civ. P. 683,6
injunction,Tex. R. Civ. P. 684,6
injunction,Tex. R. Civ. P. 683,6
protective_order,Tex. R. Civ. P. 684,6
protective_order,Tex. Fam. Code 6.501,6
protective_order,Tex. R. Civ. P. 683,6
protective_order,Tex. Fam. Code 6.503,6
ex_parte,Tex. Fam. Code 6.501,6
ex_parte,Tex. Fam. Code 6.503,6
property_financial,Tex. R. Civ. P. 684,6
property_financial,Tex. Fam. Code 6.501,6
property_financial,Tex. R. Civ. P. 683,6
property_financial,Tex. Fam. Code 6.503,6
due_process,Tex. R. Civ. P. 684,6
due_process,Tex. Fam. Code 6.501,6
due_process,Tex. R. Civ. P. 683,6
due_process,Tex. Fam. Code 6.503,6
sanctions_contempt,Tex. R. Civ. P. 684,6
sanctions_contempt,Tex. R. Civ. P. 683,6
removal_remand,Tex. R. Civ. P. 684,6
removal_remand,Tex. R. Civ. P. 683,6
appeal,Tex. R. Civ. P. 684,6
appeal,Tex. Fam. Code 6.501,6
appeal,Tex. R. Civ. P. 683,6
appeal,Tex. Fam. Code 6.503,6
custody,Tex. R. Civ. P. 684,6
custody,Tex. Fam. Code 6.501,6
custody,Tex. R. Civ. P. 683,6
custody,Tex. Fam. Code 6.503,6
associate_judge,Tex. R. Civ. P. 684,6
associate_judge,Tex. Fam. Code 6.501,6
associate_judge,Tex. R. Civ. P. 683,6
associate_judge,Tex. Fam. Code 6.503,6
discovery,Tex. R. Civ. P. 684,6
discovery,Tex. R. Civ. P. 683,6
civil_rights_1983,Tex. R. Civ. P. 684,6
civil_rights_1983,Tex. R. Civ. P. 683,6
temporary_orders,28 U.S.C. 1391,6
temporary_orders,Tex. R. Civ. P. 684,6
temporary_orders,Tex. Fam. Code 6.501,6
temporary_orders,Tex. R. Civ. P. 683,6
temporary_orders,Tex. Fam. Code 6.503,6
notice,Tex. R. Civ. P. 684,6
notice,Tex. Fam. Code 6.501,6
notice,Tex. R. Civ. P. 683,6
notice,Tex. Fam. Code 6.503,6
lockout_eviction,Tex. R. Civ. P. 684,6
lockout_eviction,Tex. Fam. Code 6.501,6
lockout_eviction,28 U.S.C. 1441,6
lockout_eviction,Tex. R. Civ. P. 683,6
lockout_eviction,Tex. Fam. Code 6.503,6
hearing,Tex. R. Civ. P. 684,6
hearing,Tex. Fam. Code 6.501,6
hearing,Tex. R. Civ. P. 683,6
hearing,Tex. Fam. Code 6.503,6
fraud_perjury,Tex. R. Civ. P. 684,6
fraud_perjury,Tex. Fam. Code 6.501,6
fraud_perjury,Tex. R. Civ. P. 683,6
fraud_perjury,Tex. Fam. Code 6.503,6
federal_court,Tex. R. Civ. P. 684,6
federal_court,Tex. Fam. Code 6.501,6
federal_court,Tex. R. Civ. P. 683,6
federal_court,Tex. Fam. Code 6.503,6
mandamus,Tex. Fam. Code 42.003,5
mandamus,Tex. Fam. Code 42.006,5
mandamus,Tex. Penal Code 25.03,5
recusal,Tex. Fam. Code 42.003,5
recusal,Tex. Fam. Code 42.006,5
recusal,Tex. Penal Code 25.03,5
jurisdiction,28 U.S.C. 1447,5
jurisdiction,28 U.S.C. 1446,5
notice,28 U.S.C. 1447,5
notice,28 U.S.C. 1446,5
recusal,28 U.S.C. 1447,5
recusal,28 U.S.C. 1446,5
hearing,28 U.S.C. 1447,5
hearing,28 U.S.C. 1446,5
removal_remand,28 U.S.C. 1447,5
removal_remand,28 U.S.C. 1446,5
federal_court,28 U.S.C. 1447,5
federal_court,28 U.S.C. 1446,5
civil_rights_1983,Tex. R. Civ. P. 680,5
civil_rights_1983,Tex. R. Civ. P. 12,5
civil_rights_1983,Tex. Fam. Code 153,5
civil_rights_1983,Tex. Fam. Code 153.001,5
civil_rights_1983,Tex. R. Civ. P. 174,5
law_enforcement,Tex. Fam. Code 105.009,5
jurisdiction,Tex. Fam. Code 105.009,5
child_support_oag,Tex. Fam. Code 105.009,5
injunction,Tex. Fam. Code 105.009,5
recusal,Tex. Fam. Code 105.009,5
protective_order,Tex. Fam. Code 105.009,5
property_financial,Tex. Fam. Code 105.009,5
due_process,Tex. Fam. Code 105.009,5
sanctions_contempt,Tex. Fam. Code 105.009,5
removal_remand,Tex. Fam. Code 105.009,5
appeal,Tex. Fam. Code 105.009,5
custody,Tex. Fam. Code 105.009,5
associate_judge,Tex. Fam. Code 105.009,5
discovery,Tex. Fam. Code 105.009,5
temporary_orders,Tex. Fam. Code 105.009,5
notice,Tex. Fam. Code 105.009,5
hearing,Tex. Fam. Code 105.009,5
fraud_perjury,Tex. Fam. Code 105.009,5
federal_court,Tex. Fam. Code 105.009,5
injunction,Tex. Gov't Code 11,5
injunction,Tex. Gov't Code 93873858,5
injunction,Tex. Gov't Code 25.0017-18,5
sanctions_contempt,Tex. Gov't Code 11,5
sanctions_contempt,Tex. Gov't Code 93873858,5
sanctions_contempt,Tex. Gov't Code 25.0017-18,5
appeal,Tex. Gov't Code 11,5
appeal,Tex. Gov't Code 93873858,5
appeal,Tex. Gov't Code 25.0017-18,5
associate_judge,Tex. Gov't Code 11,5
associate_judge,Tex. Gov't Code 93873858,5
associate_judge,Tex. Gov't Code 25.0017-18,5
civil_rights_1983,Tex. Gov't Code 11,5
civil_rights_1983,Tex. Gov't Code 93873858,5
civil_rights_1983,Tex. Gov't Code 25.0017-18,5
lockout_eviction,Tex. Gov't Code 11,5
lockout_eviction,Tex. Gov't Code 93873858,5
lockout_eviction,Tex. Gov't Code 25.0017-18,5
jurisdiction,Tex. R. Civ. P. 21a,5
civil_rights_1983,Tex. R. Civ. P. 11,5
law_enforcement,Tex. R. Civ. P. 251,5
mandamus,Tex. R. Civ. P. 251,5
jurisdiction,Tex. R. Civ. P. 251,5
child_support_oag,Tex. R. Civ. P. 251,5
injunction,Tex. R. Civ. P. 251,5
recusal,Tex. R. Civ. P. 251,5
protective_order,Tex. R. Civ. P. 251,5
ex_parte,Tex. R. Civ. P. 251,5
property_financial,Tex. R. Civ. P. 251,5
due_process,Tex. R. Civ. P. 251,5
sanctions_contempt,Tex. R. Civ. P. 251,5
removal_remand,Tex. R. Civ. P. 251,5
appeal,Tex. R. Civ. P. 251,5
custody,Tex. R. Civ. P. 251,5
associate_judge,Tex. R. Civ. P. 251,5
discovery,Tex. R. Civ. P. 251,5
temporary_orders,Tex. R. Civ. P. 251,5
notice,Tex. R. Civ. P. 251,5
lockout_eviction,Tex. R. Civ. P. 251,5
hearing,Tex. R. Civ. P. 251,5
fraud_perjury,Tex. R. Civ. P. 251,5
federal_court,Tex. R. Civ. P. 251,5
recusal,Tex. R. Civ. P. 165a,5
protective_order,Tex. R. Civ. P. 237a,5
protective_order,Tex. R. Civ. P. 165a,5
ex_parte,Tex. R. Civ. P. 237a,5
ex_parte,Tex. R. Civ. P. 165a,5
ex_parte,Tex. R. Civ. P. 193,5
civil_rights_1983,Tex. R. Civ. P. 165a,5
temporary_orders,Tex. R. Civ. P. 237a,5
temporary_orders,Tex. R. Civ. P. 165a,5
temporary_orders,Tex. R. Civ. P. 193,5
law_enforcement,Tex. R. Civ. P. 18D,5
mandamus,Tex. R. Civ. P. 18D,5
jurisdiction,Tex. R. Civ. P. 18D,5
jurisdiction,Tex. Fam. Code 85.00,5
child_support_oag,Tex. R. Civ. P. 18D,5
child_support_oag,Tex. Fam. Code 85.00,5
injunction,Tex. R. Civ. P. 18D,5
injunction,Tex. Fam. Code 85.00,5
recusal,Tex. R. Civ. P. 18D,5
protective_order,Tex. R. Civ. P. 18D,5
ex_parte,Tex. R. Civ. P. 18D,5
property_financial,Tex. R. Civ. P. 18D,5
due_process,Tex. R. Civ. P. 18D,5
sanctions_contempt,Tex. R. Civ. P. 18D,5
removal_remand,Tex. R. Civ. P. 18D,5
appeal,Tex. R. Civ. P. 18D,5
custody,Tex. R. Civ. P. 18D,5
associate_judge,Tex. R. Civ. P. 18D,5
discovery,Tex. R. Civ. P. 18D,5
temporary_orders,Tex. R. Civ. P. 18D,5
notice,Tex. R. Civ. P. 18D,5
lockout_eviction,Tex. R. Civ. P. 18D,5
hearing,Tex. R. Civ. P. 18D,5
fraud_perjury,Tex. R. Civ. P. 18D,5
federal_court,Tex. R. Civ. P. 18D,5
law_enforcement,21 U.S.C. 881,5
law_enforcement,28 U.S.C. 1391,5
law_enforcement,28 U.S.C. 157,5
mandamus,21 U.S.C. 881,5
mandamus,28 U.S.C. 1257,5
mandamus,28 U.S.C. 157,5
jurisdiction,21 U.S.C. 881,5
jurisdiction,28 U.S.C. 157,5
child_support_oag,21 U.S.C. 881,5
child_support_oag,28 U.S.C. 1391,5
child_support_oag,28 U.S.C. 157,5
injunction,21 U.S.C. 881,5
injunction,28 U.S.C. 157,5
recusal,28 U.S.C. 1331,5
protective_order,21 U.S.C. 881,5
protective_order,28 U.S.C. 157,5
property_financial,21 U.S.C. 881,5
property_financial,28 U.S.C. 157,5
due_process,21 U.S.C. 881,5
due_process,28 U.S.C. 157,5
removal_remand,21 U.S.C. 881,5
removal_remand,28 U.S.C. 157,5
appeal,21 U.S.C. 881,5
appeal,28 U.S.C. 157,5
custody,21 U.S.C. 881,5
custody,28 U.S.C. 157,5
discovery,21 U.S.C. 881,5
discovery,28 U.S.C. 157,5
temporary_orders,21 U.S.C. 881,5
temporary_orders,28 U.S.C. 157,5
notice,21 U.S.C. 881,5
notice,28 U.S.C. 157,5
lockout_eviction,21 U.S.C. 881,5
lockout_eviction,28 U.S.C. 1391,5
lockout_eviction,28 U.S.C. 157,5
hearing,21 U.S.C. 881,5
hearing,28 U.S.C. 1391,5
hearing,28 U.S.C. 157,5
fraud_perjury,21 U.S.C. 881,5
fraud_perjury,28 U.S.C. 1391,5
fraud_perjury,28 U.S.C. 157,5
federal_court,21 U.S.C. 881,5
federal_court,28 U.S.C. 157,5
notice,Tex. Gov't Code Ann,5
mandamus,Tex. Gov't Code Ann,5
notice,18 U.S.C. 1343,5
notice,18 U.S.C. 1961,5
rico,18 U.S.C. 1343,5
rico,18 U.S.C. 1961,5
fraud_perjury,18 U.S.C. 1343,5
fraud_perjury,18 U.S.C. 1961,5
appeal,18 U.S.C. 1343,5
appeal,18 U.S.C. 1961,5
custody,18 U.S.C. 1343,5
custody,18 U.S.C. 1961,5
federal_court,18 U.S.C. 1343,5
federal_court,18 U.S.C. 1961,5
property_financial,18 U.S.C. 1343,5
property_financial,18 U.S.C. 1961,5
recusal,Tex. Admin. Code 155.152,5
appeal,Tex. Admin. Code 155.152,5
associate_judge,Tex. Admin. Code 155.152,5
notice,Tex. Admin. Code 155.152,5
federal_court,Tex. Admin. Code 155.152,5
recusal,Tex. R. Civ. P. 21a,5
associate_judge,Tex. R. Civ. P. 21a,5
law_enforcement,28 U.S.C. 1441,4
injunction,28 U.S.C. 1441,4
protective_order,28 U.S.C. 1441,4
sanctions_contempt,28 U.S.C. 1441,4
rico,Tex. Fam. Code 6.502,4
mandamus,Tex. Fam. Code 105.009,4
law_enforcement,Tex. Fam. Code sec,4
jurisdiction,Tex. Fam. Code sec,4
child_support_oag,Tex. Fam. Code sec,4
injunction,Tex. Fam. Code sec,4
recusal,Tex. Fam. Code sec,4
protective_order,Tex. Fam. Code sec,4
ex_parte,Tex. Fam. Code sec,4
property_financial,Tex. Fam. Code sec,4
sanctions_contempt,Tex. Fam. Code sec,4
removal_remand,Tex. Fam. Code sec,4
appeal,Tex. Fam. Code sec,4
custody,Tex. Fam. Code sec,4
associate_judge,Tex. Fam. Code sec,4
discovery,Tex. Fam. Code sec,4
temporary_orders,Tex. Fam. Code sec,4
notice,Tex. Fam. Code sec,4
lockout_eviction,Tex. Fam. Code sec,4
hearing,Tex. Fam. Code sec,4
fraud_perjury,Tex. Fam. Code sec,4
federal_court,Tex. Fam. Code sec,4
recusal,Tex. R. Civ. P. 193,4
ex_parte,Tex. Gov't Code 93873858,4
ex_parte,Tex. R. Civ. P. 215,4
ex_parte,Tex. Gov't Code 25.0017-18,4
ex_parte,Tex. Gov't Code 11,4
civil_rights_1983,Tex. R. Civ. P. 237a,4
civil_rights_1983,Tex. R. Civ. P. 215,4
civil_rights_1983,Tex. R. Civ. P. 18b,4
civil_rights_1983,Tex. Fam. Code 83.006,4
civil_rights_1983,Tex. R. Civ. P. 18a,4
civil_rights_1983,Tex. R. Civ. P. 193,4
discovery,Tex. R. Civ. P. 13,4
jurisdiction,Tex. R. Civ. P. 13,4
sanctions_contempt,Tex. R. Civ. P. 13,4
federal_court,Tex. R. Civ. P. 13,4
temporary_orders,Tex. R. Civ. P. 13,4
child_support_oag,Tex. R. Civ. P. 13,4
protective_order,Tex. R. Civ. P. 13,4
notice,Tex. R. Civ. P. 13,4
fraud_perjury,Tex. R. Civ. P. 13,4
hearing,Tex. R. Civ. P. 13,4
appeal,Tex. R. Civ. P. 13,4
custody,Tex. R. Civ. P. 13,4
property_financial,Tex. R. Civ. P. 13,4
law_enforcement,Tex. R. Civ. P. 41,4
mandamus,Tex. R. Civ. P. 41,4
jurisdiction,Tex. R. Civ. P. 41,4
child_support_oag,Tex. R. Civ. P. 41,4
injunction,Tex. R. Civ. P. 41,4
recusal,Tex. R. Civ. P. 41,4
protective_order,Tex. R. Civ. P. 41,4
ex_parte,Tex. R. Civ. P. 41,4
property_financial,Tex. R. Civ. P. 41,4
due_process,Tex. R. Civ. P. 41,4
removal_remand,Tex. R. Civ. P. 41,4
appeal,Tex. R. Civ. P. 41,4
custody,Tex. R. Civ. P. 41,4
associate_judge,Tex. R. Civ. P. 41,4
discovery,Tex. R. Civ. P. 41,4
temporary_orders,Tex. R. Civ. P. 41,4
notice,Tex. R. Civ. P. 41,4
lockout_eviction,Tex. R. Civ. P. 41,4
hearing,Tex. R. Civ. P. 41,4
fraud_perjury,Tex. R. Civ. P. 41,4
federal_court,Tex. R. Civ. P. 41,4
law_enforcement,28 U.S.C. 153,4
mandamus,Tex. Fam. Code 6.501,4
mandamus,Tex. Fam. Code 6.503,4
mandamus,28 U.S.C. 153,4
jurisdiction,Tex. Fam. Code 6.501,4
jurisdiction,Tex. Fam. Code 6.503,4
jurisdiction,28 U.S.C. 153,4
child_support_oag,Tex. Fam. Code 6.501,4
child_support_oag,Tex. Fam. Code 6.503,4
child_support_oag,28 U.S.C. 153,4
injunction,28 U.S.C. 1391,4
injunction,28 U.S.C. 153,4
recusal,28 U.S.C. 1391,4
recusal,Tex. Fam. Code 6.501,4
recusal,Tex. Fam. Code 6.503,4
recusal,28 U.S.C. 1257,4
protective_order,28 U.S.C. 153,4
ex_parte,28 U.S.C. 1391,4
property_financial,28 U.S.C. 153,4
due_process,28 U.S.C. 153,4
removal_remand,Tex. Fam. Code 6.501,4
removal_remand,Tex. Fam. Code 6.503,4
removal_remand,28 U.S.C. 153,4
appeal,28 U.S.C. 153,4
custody,28 U.S.C. 153,4
discovery,28 U.S.C. 1391,4
discovery,Tex. Fam. Code 6.501,4
discovery,Tex. Fam. Code 6.503,4
discovery,15 U.S.C. 1673,4
discovery,28 U.S.C. 153,4
civil_rights_1983,Tex. Penal Code 37.02,4
temporary_orders,28 U.S.C. 153,4
notice,28 U.S.C. 153,4
lockout_eviction,28 U.S.C. 153,4
hearing,28 U.S.C. 153,4
fraud_perjury,28 U.S.C. 153,4
federal_court,28 U.S.C. 153,4
law_enforcement,42 U.S.C. 1983,4
mandamus,42 U.S.C. 1983,4
recusal,42 U.S.C. 1983,4
protective_order,42 U.S.C. 1983,4
ex_parte,42 U.S.C. 1983,4
property_financial,42 U.S.C. 1983,4
due_process,42 U.S.C. 1983,4
removal_remand,42 U.S.C. 1983,4
appeal,42 U.S.C. 1983,4
custody,42 U.S.C. 1983,4
associate_judge,42 U.S.C. 1983,4
civil_rights_1983,42 U.S.C. 1983,4
notice,42 U.S.C. 1983,4
lockout_eviction,42 U.S.C. 1983,4
hearing,42 U.S.C. 1983,4
fraud_perjury,42 U.S.C. 1983,4
federal_court,42 U.S.C. 1983,4
discovery,Tex. Gov't Code Ann,4
jurisdiction,Tex. Gov't Code Ann,4
sanctions_contempt,Tex. Gov't Code Ann,4
temporary_orders,Tex. Gov't Code Ann,4
due_process,Tex. Gov't Code Ann,4
lockout_eviction,Tex. Gov't Code Ann,4
hearing,Tex. Gov't Code Ann,4
appeal,Tex. Gov't Code Ann,4
associate_judge,Tex. Gov't Code Ann,4
property_financial,Tex. Gov't Code Ann,4
law_enforcement,Tex. Admin. Code 155.152,4
rico,Tex. Admin. Code 155.152,4
ex_parte,Tex. Admin. Code 155.152,4
property_financial,Tex. Admin. Code 155.152,4
due_process,Tex. Admin. Code 155.152,4
custody,Tex. Admin. Code 155.152,4
fraud_perjury,Tex. Admin. Code 155.152,4
lockout_eviction,Tex. R. Civ. P. 21a,4
law_enforcement,18 U.S.C. 1343,4
law_enforcement,18 U.S.C. 1961,4
recusal,18 U.S.C. 1343,4
recusal,18 U.S.C. 1961,4
child_support_oag,Tex. R. Civ. P. 21a,4
fraud_perjury,Tex. R. Civ. P. 21a,4
removal_remand,Tex. R. Civ. P. 21a,4
property_financial,Tex. R. Civ. P. 21a,4
custody,Tex. R. Civ. P. 21a,4
temporary_orders,Tex. R. Civ. P. 21a,4
hearing,Tex. R. Civ. P. 21a,4
rico,Tex. Fam. Code 6.405,3
law_enforcement,Tex. R. Civ. P. 13,3
associate_judge,Tex. R. Civ. P. 13,3
jurisdiction,Tex. R. Civ. P. 330,3
law_enforcement,Tex. R. Civ. P. 330,3
federal_court,Tex. R. Civ. P. 330,3
mandamus,Tex. R. Civ. P. 330,3
due_process,Tex. R. Civ. P. 330,3
protective_order,Tex. R. Civ. P. 330,3
ex_parte,Tex. R. Civ. P. 330,3
injunction,Tex. R. Civ. P. 330,3
notice,Tex. R. Civ. P. 330,3
lockout_eviction,Tex. R. Civ. P. 330,3
hearing,Tex. R. Civ. P. 330,3
appeal,Tex. R. Civ. P. 330,3
custody,Tex. R. Civ. P. 330,3
associate_judge,Tex. R. Civ. P. 330,3
property_financial,Tex. R. Civ. P. 330,3
law_enforcement,28 U.S.C. 158,3
law_enforcement,28 U.S.C. 1446,3
law_enforcement,28 U.S.C. 1447,3
law_enforcement,26 U.S.C. 7609,3
law_enforcement,15 U.S.C. 1673,3
law_enforcement,Tex. Fam. Code 6.501Temporary,3
law_enforcement,Tex. Fam. Code 6.503AFFIDAVIT,3
law_enforcement,15 U.S.C. 1681,3
mandamus,28 U.S.C. 158,3
mandamus,28 U.S.C. 1446,3
mandamus,28 U.S.C. 1441,3
mandamus,28 U.S.C. 1447,3
mandamus,26 U.S.C. 7609,3
mandamus,15 U.S.C. 1673,3
mandamus,Tex. Fam. Code 6.501Temporary,3
mandamus,Tex. Fam. Code 6.503AFFIDAVIT,3
mandamus,15 U.S.C. 1681,3
mandamus,Tex. Fam. Code sec,3
jurisdiction,28 U.S.C. 158,3
jurisdiction,26 U.S.C. 7609,3
jurisdiction,Tex. Fam. Code 6.501Temporary,3
jurisdiction,Tex. Fam. Code 6.503AFFIDAVIT,3
jurisdiction,15 U.S.C. 1681,3
child_support_oag,28 U.S.C. 158,3
child_support_oag,28 U.S.C. 1446,3
child_support_oag,28 U.S.C. 1447,3
child_support_oag,26 U.S.C. 7609,3
child_support_oag,Tex. Fam. Code 6.501Temporary,3
child_support_oag,Tex. Fam. Code 6.503AFFIDAVIT,3
child_support_oag,15 U.S.C. 1681,3
injunction,28 U.S.C. 158,3
injunction,28 U.S.C. 1446,3
injunction,Tex. Fam. Code 6.501,3
injunction,28 U.S.C. 1447,3
injunction,26 U.S.C. 7609,3
injunction,Tex. Fam. Code 6.503,3
injunction,15 U.S.C. 1673,3
injunction,Tex. Fam. Code 6.501Temporary,3
injunction,Tex. Fam. Code 6.503AFFIDAVIT,3
injunction,15 U.S.C. 1681,3
recusal,21 U.S.C. 881,3
recusal,28 U.S.C. 158,3
recusal,Tex. R. Civ. P. 684,3
recusal,26 U.S.C. 7609,3
recusal,Tex. R. Civ. P. 683,3
recusal,Tex. Fam. Code 105.003,3
recusal,Tex. Fam. Code 6.501Temporary,3
recusal,Tex. Fam. Code 6.503AFFIDAVIT,3
recusal,15 U.S.C. 1681,3
recusal,28 U.S.C. 157,3
protective_order,28 U.S.C. 158,3
protective_order,28 U.S.C. 1446,3
protective_order,28 U.S.C. 1447,3
protective_order,26 U.S.C. 7609,3
protective_order,15 U.S.C. 1673,3
protective_order,Tex. Fam. Code 6.501Temporary,3
protective_order,Tex. Fam. Code 6.503AFFIDAVIT,3
protective_order,15 U.S.C. 1681,3
ex_parte,21 U.S.C. 881,3
ex_parte,28 U.S.C. 158,3
ex_parte,Tex. R. Civ. P. 684,3
ex_parte,28 U.S.C. 1446,3
ex_parte,28 U.S.C. 1441,3
ex_parte,28 U.S.C. 1447,3
ex_parte,26 U.S.C. 7609,3
ex_parte,Tex. R. Civ. P. 683,3
ex_parte,28 U.S.C. 1331,3
ex_parte,28 U.S.C. 1257,3
ex_parte,15 U.S.C. 1673,3
ex_parte,Tex. Fam. Code 105.009,3
ex_parte,Tex. Fam. Code 6.501Temporary,3
ex_parte,Tex. Fam. Code 6.503AFFIDAVIT,3
ex_parte,15 U.S.C. 1681,3
ex_parte,28 U.S.C. 157,3
property_financial,28 U.S.C. 158,3
property_financial,28 U.S.C. 1446,3
property_financial,28 U.S.C. 1447,3
property_financial,26 U.S.C. 7609,3
property_financial,Tex. Fam. Code 6.501Temporary,3
property_financial,Tex. Fam. Code 6.503AFFIDAVIT,3
property_financial,15 U.S.C. 1681,3
due_process,28 U.S.C. 1391,3
due_process,28 U.S.C. 158,3
due_process,28 U.S.C. 1446,3
due_process,28 U.S.C. 1447,3
due_process,26 U.S.C. 7609,3
due_process,15 U.S.C. 1673,3
due_process,Tex. Fam. Code 6.501Temporary,3
due_process,Tex. Fam. Code 6.503AFFIDAVIT,3
due_process,15 U.S.C. 1681,3
due_process,Tex. Fam. Code sec,3
sanctions_contempt,21 U.S.C. 881,3
sanctions_contempt,28 U.S.C. 1391,3
sanctions_contempt,28 U.S.C. 158,3
sanctions_contempt,Tex. R. Civ. P. 41,3
sanctions_contempt,28 U.S.C. 1332,3
sanctions_contempt,28 U.S.C. 1446,3
sanctions_contempt,Tex. Fam. Code 6.501,3
sanctions_contempt,28 U.S.C. 1447,3
sanctions_contempt,26 U.S.C. 7609,3
sanctions_contempt,Tex. Fam. Code 6.503,3
sanctions_contempt,28 U.S.C. 1331,3
sanctions_contempt,28 U.S.C. 1257,3
sanctions_contempt,15 U.S.C. 1673,3
sanctions_contempt,Tex. Fam. Code 6.501Temporary,3
sanctions_contempt,Tex. Fam. Code 6.503AFFIDAVIT,3
sanctions_contempt,15 U.S.C. 1681,3
sanctions_contempt,28 U.S.C. 157,3
removal_remand,28 U.S.C. 158,3
removal_remand,26 U.S.C. 7609,3
removal_remand,15 U.S.C. 1673,3
removal_remand,Tex. Fam. Code 6.501Temporary,3
removal_remand,Tex. Fam. Code 6.503AFFIDAVIT,3
removal_remand,15 U.S.C. 1681,3
appeal,28 U.S.C. 158,3
appeal,28 U.S.C. 1446,3
appeal,28 U.S.C. 1447,3
appeal,26 U.S.C. 7609,3
appeal,Tex. Fam. Code 6.501Temporary,3
appeal,Tex. Fam. Code 6.503AFFIDAVIT,3
appeal,15 U.S.C. 1681,3
custody,28 U.S.C. 158,3
custody,28 U.S.C. 1446,3
custody,28 U.S.C. 1447,3
custody,26 U.S.C. 7609,3
custody,Tex. Fam. Code 6.501Temporary,3
custody,Tex. Fam. Code 6.503AFFIDAVIT,3
custody,15 U.S.C. 1681,3
associate_judge,21 U.S.C. 881,3
associate_judge,28 U.S.C. 1391,3
associate_judge,28 U.S.C. 158,3
associate_judge,28 U.S.C. 1446,3
associate_judge,28 U.S.C. 1447,3
associate_judge,26 U.S.C. 7609,3
associate_judge,28 U.S.C. 1331,3
associate_judge,28 U.S.C. 1257,3
associate_judge,Tex. Fam. Code 6.501Temporary,3
associate_judge,Tex. Fam. Code 6.503AFFIDAVIT,3
associate_judge,15 U.S.C. 1681,3
associate_judge,28 U.S.C. 157,3
discovery,28 U.S.C. 158,3
discovery,28 U.S.C. 1446,3
discovery,28 U.S.C. 1447,3
discovery,26 U.S.C. 7609,3
discovery,Tex. Fam. Code 6.501Temporary,3
discovery,Tex. Fam. Code 6.503AFFIDAVIT,3
discovery,15 U.S.C. 1681,3
civil_rights_1983,Tex. R. Civ. P. 198,3
civil_rights_1983,21 U.S.C. 881,3
civil_rights_1983,Tex. Fam. Code 42.003,3
civil_rights_1983,28 U.S.C. 1391,3
civil_rights_1983,Tex. Fam. Code 85.00,3
civil_rights_1983,28 U.S.C. 158,3
civil_rights_1983,Tex. R. Civ. P. 41,3
civil_rights_1983,28 U.S.C. 1332,3
civil_rights_1983,28 U.S.C. 1446,3
civil_rights_1983,Tex. Fam. Code 6.501,3
civil_rights_1983,28 U.S.C. 1441,3
civil_rights_1983,Tex. Fam. Code 42.006,3
civil_rights_1983,Tex. Penal Code 25.03,3
civil_rights_1983,28 U.S.C. 1447,3
civil_rights_1983,26 U.S.C. 7609,3
civil_rights_1983,Tex. Penal Code 37.03,3
civil_rights_1983,Tex. Fam. Code 6.503,3
civil_rights_1983,28 U.S.C. 1331,3
civil_rights_1983,28 U.S.C. 1257,3
civil_rights_1983,15 U.S.C. 1673,3
civil_rights_1983,Tex. Fam. Code 105.009,3
civil_rights_1983,Tex. Fam. Code 6.501Temporary,3
civil_rights_1983,Tex. R. Civ. P. 3,3
civil_rights_1983,Tex. Fam. Code 6.503AFFIDAVIT,3
civil_rights_1983,Tex. R. Civ. P. 251,3
civil_rights_1983,15 U.S.C. 1681,3
civil_rights_1983,28 U.S.C. 157,3
civil_rights_1983,Tex. Fam. Code sec,3
temporary_orders,28 U.S.C. 158,3
temporary_orders,28 U.S.C. 1446,3
temporary_orders,28 U.S.C. 1447,3
temporary_orders,26 U.S.C. 7609,3
temporary_orders,Tex. Fam. Code 6.501Temporary,3
temporary_orders,Tex. Fam. Code 6.503AFFIDAVIT,3
temporary_orders,15 U.S.C. 1681,3
notice,28 U.S.C. 158,3
notice,26 U.S.C. 7609,3
notice,Tex. Fam. Code 6.501Temporary,3
notice,Tex. Fam. Code 6.503AFFIDAVIT,3
notice,15 U.S.C. 1681,3
lockout_eviction,28 U.S.C. 158,3
lockout_eviction,28 U.S.C. 1446,3
lockout_eviction,28 U.S.C. 1447,3
lockout_eviction,26 U.S.C. 7609,3
lockout_eviction,15 U.S.C. 1673,3
lockout_eviction,Tex. Fam. Code 105.009,3
lockout_eviction,Tex. Fam. Code 6.501Temporary,3
lockout_eviction,Tex. Fam. Code 6.503AFFIDAVIT,3
lockout_eviction,15 U.S.C. 1681,3
hearing,28 U.S.C. 158,3
hearing,26 U.S.C. 7609,3
hearing,Tex. Fam. Code 6.501Temporary,3
hearing,Tex. Fam. Code 6.503AFFIDAVIT,3
hearing,15 U.S.C. 1681,3
fraud_perjury,28 U.S.C. 158,3
fraud_perjury,28 U.S.C. 1446,3
fraud_perjury,28 U.S.C. 1447,3
fraud_perjury,26 U.S.C. 7609,3
fraud_perjury,15 U.S.C. 1673,3
fraud_perjury,Tex. Fam. Code 6.501Temporary,3
fraud_perjury,Tex. Fam. Code 6.503AFFIDAVIT,3
fraud_perjury,15 U.S.C. 1681,3
federal_court,28 U.S.C. 158,3
federal_court,26 U.S.C. 7609,3
federal_court,Tex. Fam. Code 6.501Temporary,3
federal_court,Tex. Fam. Code 6.503AFFIDAVIT,3
federal_court,15 U.S.C. 1681,3
sanctions_contempt,42 U.S.C. 1983,3
discovery,42 U.S.C. 1983,3
temporary_orders,42 U.S.C. 1983,3
injunction,Tex. R. Civ. P. 13,3
due_process,Tex. R. Civ. P. 13,3
lockout_eviction,18 U.S.C. 1343,3
lockout_eviction,18 U.S.C. 1961,3
lockout_eviction,Tex. Admin. Code 155.152,3
due_process,18 U.S.C. 1961,3
due_process,18 U.S.C. 1343,3
ex_parte,18 U.S.C. 1961,3
ex_parte,18 U.S.C. 1343,3
associate_judge,18 U.S.C. 1961,3
associate_judge,18 U.S.C. 1343,3
law_enforcement,Tex. Gov't Code 81.115,3
mandamus,Tex. Gov't Code 81.115,3
jurisdiction,Tex. Gov't Code 81.115,3
child_support_oag,Tex. Gov't Code 81.115,3
injunction,Tex. Gov't Code 81.115,3
recusal,Tex. Gov't Code 81.115,3
protective_order,Tex. Gov't Code 81.115,3
ex_parte,Tex. Gov't Code 81.115,3
property_financial,Tex. Gov't Code 81.115,3
due_process,Tex. Gov't Code 81.115,3
sanctions_contempt,Tex. Gov't Code 81.115,3
removal_remand,Tex. Gov't Code 81.115,3
appeal,Tex. Gov't Code 81.115,3
custody,Tex. Gov't Code 81.115,3
associate_judge,Tex. Gov't Code 81.115,3
discovery,Tex. Gov't Code 81.115,3
temporary_orders,Tex. Gov't Code 81.115,3
notice,Tex. Gov't Code 81.115,3
lockout_eviction,Tex. Gov't Code 81.115,3
hearing,Tex. Gov't Code 81.115,3
fraud_perjury,Tex. Gov't Code 81.115,3
federal_court,Tex. Gov't Code 81.115,3
jurisdiction,28 U.S.C. ,2
notice,28 U.S.C. ,2
recusal,28 U.S.C. ,2
hearing,28 U.S.C. ,2
removal_remand,28 U.S.C. ,2
federal_court,28 U.S.C. ,2
law_enforcement,Tex. Fam. Code clearly,2
mandamus,Tex. Fam. Code clearly,2
jurisdiction,Tex. Fam. Code clearly,2
child_support_oag,Tex. Fam. Code clearly,2
injunction,Tex. Fam. Code clearly,2
protective_order,Tex. Fam. Code clearly,2
ex_parte,Tex. Fam. Code clearly,2
property_financial,Tex. Fam. Code clearly,2
due_process,Tex. Fam. Code clearly,2
sanctions_contempt,Tex. Fam. Code clearly,2
removal_remand,Tex. Fam. Code clearly,2
appeal,Tex. Fam. Code clearly,2
custody,Tex. Fam. Code clearly,2
associate_judge,Tex. Fam. Code clearly,2
discovery,Tex. Fam. Code clearly,2
temporary_orders,Tex. Fam. Code clearly,2
notice,Tex. Fam. Code clearly,2
lockout_eviction,Tex. Fam. Code clearly,2
hearing,Tex. Fam. Code clearly,2
fraud_perjury,Tex. Fam. Code clearly,2
federal_court,Tex. Fam. Code clearly,2
rico,Tex. Fam. Code 105.003,2
law_enforcement,Tex. R. Civ. P. 25,2
mandamus,Tex. R. Civ. P. 25,2
jurisdiction,Tex. R. Civ. P. 25,2
child_support_oag,Tex. R. Civ. P. 25,2
injunction,Tex. R. Civ. P. 25,2
recusal,Tex. R. Civ. P. 25,2
protective_order,Tex. R. Civ. P. 25,2
ex_parte,Tex. R. Civ. P. 25,2
property_financial,Tex. R. Civ. P. 25,2
due_process,Tex. R. Civ. P. 25,2
sanctions_contempt,Tex. R. Civ. P. 25,2
removal_remand,Tex. R. Civ. P. 25,2
appeal,Tex. R. Civ. P. 25,2
custody,Tex. R. Civ. P. 25,2
associate_judge,Tex. R. Civ. P. 25,2
discovery,Tex. R. Civ. P. 25,2
temporary_orders,Tex. R. Civ. P. 25,2
notice,Tex. R. Civ. P. 25,2
lockout_eviction,Tex. R. Civ. P. 25,2
hearing,Tex. R. Civ. P. 25,2
fraud_perjury,Tex. R. Civ. P. 25,2
federal_court,Tex. R. Civ. P. 25,2
discovery,Tex. R. Civ. P. 57,2
jurisdiction,Tex. R. Civ. P. 57,2
sanctions_contempt,Tex. R. Civ. P. 57,2
law_enforcement,Tex. R. Civ. P. 57,2
federal_court,Tex. R. Civ. P. 57,2
temporary_orders,Tex. R. Civ. P. 57,2
child_support_oag,Tex. R. Civ. P. 57,2
protective_order,Tex. R. Civ. P. 57,2
notice,Tex. R. Civ. P. 57,2
fraud_perjury,Tex. R. Civ. P. 57,2
recusal,Tex. R. Civ. P. 57,2
recusal,Tex. R. Civ. P. 13,2
hearing,Tex. R. Civ. P. 57,2
appeal,Tex. R. Civ. P. 57,2
custody,Tex. R. Civ. P. 57,2
associate_judge,Tex. R. Civ. P. 57,2
property_financial,Tex. R. Civ. P. 57,2
law_enforcement,31 U.S.C. 28,2
law_enforcement,21 U.S.C. 88,2
mandamus,31 U.S.C. 28,2
mandamus,21 U.S.C. 88,2
jurisdiction,31 U.S.C. 28,2
jurisdiction,21 U.S.C. 88,2
child_support_oag,31 U.S.C. 28,2
child_support_oag,21 U.S.C. 88,2
injunction,31 U.S.C. 28,2
injunction,21 U.S.C. 88,2
recusal,31 U.S.C. 28,2
recusal,21 U.S.C. 88,2
recusal,28 U.S.C. 153,2
protective_order,31 U.S.C. 28,2
protective_order,21 U.S.C. 88,2
ex_parte,31 U.S.C. 28,2
ex_parte,21 U.S.C. 88,2
ex_parte,28 U.S.C. 153,2
property_financial,31 U.S.C. 28,2
property_financial,21 U.S.C. 88,2
due_process,31 U.S.C. 28,2
due_process,21 U.S.C. 88,2
sanctions_contempt,31 U.S.C. 28,2
sanctions_contempt,21 U.S.C. 88,2
sanctions_contempt,28 U.S.C. 153,2
removal_remand,31 U.S.C. 28,2
removal_remand,21 U.S.C. 88,2
appeal,31 U.S.C. 28,2
appeal,21 U.S.C. 88,2
custody,31 U.S.C. 28,2
custody,21 U.S.C. 88,2
associate_judge,31 U.S.C. 28,2
associate_judge,21 U.S.C. 88,2
associate_judge,28 U.S.C. 153,2
discovery,31 U.S.C. 28,2
discovery,21 U.S.C. 88,2
civil_rights_1983,Tex. R. Civ. P. 18D,2
civil_rights_1983,31 U.S.C. 28,2
civil_rights_1983,21 U.S.C. 88,2
civil_rights_1983,28 U.S.C. 153,2
temporary_orders,31 U.S.C. 28,2
temporary_orders,21 U.S.C. 88,2
notice,31 U.S.C. 28,2
notice,21 U.S.C. 88,2
lockout_eviction,31 U.S.C. 28,2
lockout_eviction,21 U.S.C. 88,2
hearing,31 U.S.C. 28,2
hearing,21 U.S.C. 88,2
fraud_perjury,31 U.S.C. 28,2
fraud_perjury,21 U.S.C. 88,2
federal_court,31 U.S.C. 28,2
federal_court,21 U.S.C. 88,2
law_enforcement,Tex. Gov't Code Ann,2
mandamus,Tex. R. Civ. P. 13,2
jurisdiction,42 U.S.C. 1983,2
child_support_oag,Tex. Gov't Code Ann,2
injunction,42 U.S.C. 1983,2
injunction,Tex. Gov't Code Ann,2
protective_order,Tex. Gov't Code Ann,2
ex_parte,Tex. Gov't Code Ann,2
ex_parte,Tex. R. Civ. P. 13,2
removal_remand,Tex. Gov't Code Ann,2
removal_remand,Tex. R. Civ. P. 13,2
custody,Tex. Gov't Code Ann,2
lockout_eviction,Tex. R. Civ. P. 13,2
fraud_perjury,Tex. Gov't Code Ann,2
jurisdiction,18 U.S.C. 1343,2
jurisdiction,18 U.S.C. 1962,2
jurisdiction,18 U.S.C. 1961,2
protective_order,18 U.S.C. 1343,2
protective_order,18 U.S.C. 1962,2
protective_order,18 U.S.C. 1961,2
removal_remand,18 U.S.C. 1343,2
removal_remand,18 U.S.C. 1962,2
removal_remand,18 U.S.C. 1961,2
notice,18 U.S.C. 1962,2
lockout_eviction,18 U.S.C. 1962,2
rico,18 U.S.C. 1962,2
fraud_perjury,18 U.S.C. 1962,2
appeal,18 U.S.C. 1962,2
custody,18 U.S.C. 1962,2
federal_court,18 U.S.C. 1962,2
property_financial,18 U.S.C. 1962,2
hearing,Tex. Admin. Code 155.152,2
appeal,Tex. R. Civ. P. 21a,2
hearing,18 U.S.C. 1343,2
hearing,18 U.S.C. 1961,2
rico,Tex. R. Civ. P. 21a,2
law_enforcement,Tex. Fam. Code 201.006,2
mandamus,Tex. Fam. Code 201.006,2
jurisdiction,Tex. Fam. Code 201.006,2
recusal,Tex. Fam. Code 201.006,2
property_financial,Tex. Fam. Code 201.006,2
removal_remand,Tex. Fam. Code 201.006,2
appeal,Tex. Fam. Code 201.006,2
associate_judge,Tex. Fam. Code 201.006,2
temporary_orders,Tex. Fam. Code 201.006,2
federal_court,Tex. Fam. Code 201.006,2
law_enforcement,Tex. R. Civ. P. 21a,2
protective_order,Tex. R. Civ. P. 21a,2
due_process,Tex. R. Civ. P. 21a,2
law_enforcement,Tex. Fam. Code 7.009,2
mandamus,Tex. Fam. Code 7.009,2
child_support_oag,Tex. Fam. Code 7.009,2
injunction,Tex. Fam. Code 7.009,2
protective_order,Tex. Fam. Code 7.009,2
ex_parte,Tex. Fam. Code 7.009,2
property_financial,Tex. Fam. Code 7.009,2
due_process,Tex. Fam. Code 7.009,2
sanctions_contempt,Tex. Fam. Code 7.009,2
removal_remand,Tex. Fam. Code 7.009,2
appeal,Tex. Fam. Code 7.009,2
custody,Tex. Fam. Code 7.009,2
discovery,Tex. Fam. Code 7.009,2
temporary_orders,Tex. Fam. Code 7.009,2
notice,Tex. Fam. Code 7.009,2
lockout_eviction,Tex. Fam. Code 7.009,2
hearing,Tex. Fam. Code 7.009,2
fraud_perjury,Tex. Fam. Code 7.009,2
federal_court,Tex. Fam. Code 7.009,2
discovery,Tex. Fam. Code Section,2
discovery,Tex. R. Civ. P. 166,2
jurisdiction,Tex. Fam. Code Section,2
jurisdiction,Tex. R. Civ. P. 166,2
temporary_orders,Tex. Fam. Code Section,2
temporary_orders,Tex. R. Civ. P. 166,2
child_support_oag,Tex. Fam. Code Section,2
child_support_oag,Tex. R. Civ. P. 166,2
mandamus,Tex. Fam. Code Section,2
mandamus,Tex. R. Civ. P. 166,2
protective_order,Tex. Fam. Code Section,2
protective_order,Tex. R. Civ. P. 166,2
lockout_eviction,Tex. Fam. Code Section,2
lockout_eviction,Tex. R. Civ. P. 166,2
recusal,Tex. Fam. Code Section,2
recusal,Tex. R. Civ. P. 166,2
hearing,Tex. Fam. Code Section,2
hearing,Tex. R. Civ. P. 166,2
federal_court,Tex. Fam. Code Section,2
federal_court,Tex. R. Civ. P. 166,2
custody,Tex. Fam. Code Section,2
custody,Tex. R. Civ. P. 166,2
associate_judge,Tex. Fam. Code Section,2
associate_judge,Tex. R. Civ. P. 166,2
property_financial,Tex. Fam. Code Section,2
property_financial,Tex. R. Civ. P. 166,2
discovery,3 U.S.C. 4,2
discovery,131 U.S.C. Product,2
discovery,2 U.S.C. 158,2
jurisdiction,3 U.S.C. 4,2
jurisdiction,131 U.S.C. Product,2
jurisdiction,2 U.S.C. 158,2
law_enforcement,3 U.S.C. 4,2
law_enforcement,131 U.S.C. Product,2
law_enforcement,2 U.S.C. 158,2
federal_court,3 U.S.C. 4,2
federal_court,131 U.S.C. Product,2
federal_court,2 U.S.C. 158,2
temporary_orders,3 U.S.C. 4,2
temporary_orders,131 U.S.C. Product,2
temporary_orders,2 U.S.C. 158,2
mandamus,3 U.S.C. 4,2
mandamus,131 U.S.C. Product,2
mandamus,2 U.S.C. 158,2
protective_order,3 U.S.C. 4,2
protective_order,131 U.S.C. Product,2
protective_order,2 U.S.C. 158,2
removal_remand,3 U.S.C. 4,2
removal_remand,131 U.S.C. Product,2
removal_remand,2 U.S.C. 158,2
child_support_oag,3 U.S.C. 4,2
child_support_oag,131 U.S.C. Product,2
child_support_oag,2 U.S.C. 158,2
injunction,3 U.S.C. 4,2
injunction,131 U.S.C. Product,2
injunction,2 U.S.C. 158,2
notice,3 U.S.C. 4,2
notice,131 U.S.C. Product,2
notice,2 U.S.C. 158,2
lockout_eviction,3 U.S.C. 4,2
lockout_eviction,131 U.S.C. Product,2
lockout_eviction,2 U.S.C. 158,2
fraud_perjury,3 U.S.C. 4,2
fraud_perjury,131 U.S.C. Product,2
fraud_perjury,2 U.S.C. 158,2
hearing,3 U.S.C. 4,2
hearing,131 U.S.C. Product,2
hearing,2 U.S.C. 158,2
appeal,3 U.S.C. 4,2
appeal,131 U.S.C. Product,2
appeal,2 U.S.C. 158,2
custody,3 U.S.C. 4,2
custody,131 U.S.C. Product,2
custody,2 U.S.C. 158,2
due_process,3 U.S.C. 4,2
due_process,131 U.S.C. Product,2
due_process,2 U.S.C. 158,2
property_financial,3 U.S.C. 4,2
property_financial,131 U.S.C. Product,2
property_financial,2 U.S.C. 158,2
law_enforcement,Tex. Fam. Code 153.004,2
law_enforcement,Tex. Fam. Code 153.131,2
mandamus,Tex. Fam. Code 153.004,2
mandamus,Tex. Fam. Code 153.131,2
protective_order,Tex. Fam. Code 153.004,2
protective_order,Tex. Fam. Code 153.131,2
property_financial,Tex. Fam. Code 153.004,2
property_financial,Tex. Fam. Code 153.131,2
sanctions_contempt,Tex. Fam. Code 153.004,2
sanctions_contempt,Tex. Fam. Code 153.131,2
removal_remand,Tex. Fam. Code 153.004,2
removal_remand,Tex. Fam. Code 153.131,2
appeal,Tex. Fam. Code 153.004,2
appeal,Tex. Fam. Code 153.131,2
custody,Tex. Fam. Code 153.004,2
custody,Tex. Fam. Code 153.131,2
discovery,Tex. Fam. Code 153.004,2
discovery,Tex. Fam. Code 153.131,2
notice,Tex. Fam. Code 153.004,2
notice,Tex. Fam. Code 153.131,2
hearing,Tex. Fam. Code 153.004,2
hearing,Tex. Fam. Code 153.131,2
fraud_perjury,Tex. Fam. Code 153.004,2
fraud_perjury,Tex. Fam. Code 153.131,2
federal_court,Tex. Fam. Code 153.004,2
federal_court,Tex. Fam. Code 153.131,2
law_enforcement,Tex. Penal Code 37.02-.03,1
mandamus,Tex. Penal Code 37.02-.03,1
jurisdiction,Tex. Penal Code 37.02-.03,1
injunction,Tex. Penal Code 37.02-.03,1
recusal,Tex. Penal Code 37.02-.03,1
protective_order,Tex. Penal Code 37.02-.03,1
ex_parte,Tex. Penal Code 37.02-.03,1
property_financial,Tex. Penal Code 37.02-.03,1
sanctions_contempt,Tex. Penal Code 37.02-.03,1
removal_remand,Tex. Penal Code 37.02-.03,1
appeal,Tex. Penal Code 37.02-.03,1
custody,Tex. Penal Code 37.02-.03,1
associate_judge,Tex. Penal Code 37.02-.03,1
discovery,Tex. Penal Code 37.02-.03,1
temporary_orders,Tex. Penal Code 37.02-.03,1
notice,Tex. Penal Code 37.02-.03,1
lockout_eviction,Tex. Penal Code 37.02-.03,1
hearing,Tex. Penal Code 37.02-.03,1
fraud_perjury,Tex. Penal Code 37.02-.03,1
federal_court,Tex. Penal Code 37.02-.03,1
notice,Tex. R. Civ. P. 6,1
custody,Tex. R. Civ. P. 6,1
federal_court,Tex. R. Civ. P. 6,1
hearing,Tex. R. Civ. P. 6,1
civil_rights_1983,Tex. R. Civ. P. 305,1
jurisdiction,Tex. R. Civ. P. 305,1
sanctions_contempt,Tex. R. Civ. P. 305,1
federal_court,Tex. R. Civ. P. 305,1
temporary_orders,Tex. R. Civ. P. 305,1
mandamus,Tex. R. Civ. P. 305,1
due_process,Tex. R. Civ. P. 305,1
protective_order,Tex. R. Civ. P. 305,1
ex_parte,Tex. R. Civ. P. 305,1
injunction,Tex. R. Civ. P. 305,1
notice,Tex. R. Civ. P. 305,1
lockout_eviction,Tex. R. Civ. P. 305,1
fraud_perjury,Tex. R. Civ. P. 305,1
hearing,Tex. R. Civ. P. 305,1
appeal,Tex. R. Civ. P. 305,1
custody,Tex. R. Civ. P. 305,1
associate_judge,Tex. R. Civ. P. 305,1
property_financial,Tex. R. Civ. P. 305,1
rico,Tex. R. Civ. P. 8,1
rico,Tex. Fam. Code 42.003,1
rico,Tex. Fam. Code 42.006,1
rico,Tex. Penal Code 25.03,1
rico,Tex. R. Civ. P. 12,1
rico,Tex. Penal Code 37.02,1
rico,Tex. R. Civ. P. 21,1
rico,Tex. R. Civ. P. 166a,1
rico,Tex. Fam. Code 153.001,1
rico,Tex. R. Civ. P. 3,1
rico,Tex. Penal Code 37.03,1
law_enforcement,Tex. Fam. Code 105.00,1
mandamus,Tex. Fam. Code 105.00,1
recusal,Tex. Fam. Code 105.00,1
protective_order,Tex. Fam. Code 105.00,1
ex_parte,Tex. Fam. Code 105.00,1
property_financial,Tex. Fam. Code 105.00,1
due_process,Tex. Fam. Code 105.00,1
sanctions_contempt,Tex. Fam. Code 105.00,1
removal_remand,Tex. Fam. Code 105.00,1
appeal,Tex. Fam. Code 105.00,1
custody,Tex. Fam. Code 105.00,1
associate_judge,Tex. Fam. Code 105.00,1
discovery,Tex. Fam. Code 105.00,1
civil_rights_1983,Tex. Fam. Code 105.00,1
temporary_orders,Tex. Fam. Code 105.00,1
notice,Tex. Fam. Code 105.00,1
lockout_eviction,Tex. Fam. Code 105.00,1
hearing,Tex. Fam. Code 105.00,1
fraud_perjury,Tex. Fam. Code 105.00,1
federal_court,Tex. Fam. Code 105.00,1
law_enforcement,Tex. R. Civ. P. 186,1
law_enforcement,28 U.S.C. ,1
mandamus,Tex. R. Civ. P. 186,1
mandamus,Tex. R. Civ. P. 57,1
mandamus,28 U.S.C. ,1
jurisdiction,Tex. R. Civ. P. 186,1
child_support_oag,42 U.S.C. 1983,1
child_support_oag,Tex. R. Civ. P. 186,1
child_support_oag,Tex. R. Civ. P. 330,1
child_support_oag,28 U.S.C. ,1
injunction,Tex. R. Civ. P. 186,1
injunction,Tex. R. Civ. P. 57,1
injunction,28 U.S.C. ,1
recusal,Tex. R. Civ. P. 186,1
recusal,Tex. R. Civ. P. 330,1
protective_order,Tex. R. Civ. P. 186,1
protective_order,28 U.S.C. ,1
ex_parte,Tex. R. Civ. P. 186,1
ex_parte,Tex. R. Civ. P. 57,1
ex_parte,28 U.S.C. ,1
property_financial,Tex. R. Civ. P. 186,1
property_financial,28 U.S.C. ,1
due_process,Tex. R. Civ. P. 186,1
due_process,Tex. R. Civ. P. 57,1
due_process,28 U.S.C. ,1
sanctions_contempt,Tex. R. Civ. P. 186,1
sanctions_contempt,Tex. R. Civ. P. 330,1
sanctions_contempt,28 U.S.C. ,1
removal_remand,Tex. R. Civ. P. 186,1
removal_remand,Tex. R. Civ. P. 57,1
removal_remand,Tex. R. Civ. P. 330,1
appeal,Tex. R. Civ. P. 186,1
appeal,28 U.S.C. ,1
custody,Tex. R. Civ. P. 186,1
custody,28 U.S.C. ,1
associate_judge,Tex. R. Civ. P. 186,1
associate_judge,28 U.S.C. ,1
discovery,Tex. R. Civ. P. 186,1
discovery,Tex. R. Civ. P. 330,1
discovery,28 U.S.C. ,1
civil_rights_1983,Tex. R. Civ. P. 186,1
civil_rights_1983,Tex. R. Civ. P. 57,1
civil_rights_1983,Tex. R. Civ. P. 330,1
civil_rights_1983,Tex. R. Civ. P. 25,1
civil_rights_1983,28 U.S.C. ,1
civil_rights_1983,Tex. Gov't Code Ann,1
civil_rights_1983,Tex. R. Civ. P. 13,1
temporary_orders,Tex. R. Civ. P. 186,1
temporary_orders,Tex. R. Civ. P. 330,1
temporary_orders,28 U.S.C. ,1
notice,Tex. R. Civ. P. 186,1
lockout_eviction,Tex. R. Civ. P. 186,1
lockout_eviction,Tex. R. Civ. P. 57,1
lockout_eviction,28 U.S.C. ,1
hearing,Tex. R. Civ. P. 186,1
fraud_perjury,Tex. R. Civ. P. 186,1
fraud_perjury,Tex. R. Civ. P. 330,1
fraud_perjury,28 U.S.C. ,1
federal_court,Tex. R. Civ. P. 186,1
jurisdiction,18 U.S.C. 1961-1968,1
jurisdiction,18 U.S.C. 1503,1
temporary_orders,18 U.S.C. 1343,1
temporary_orders,18 U.S.C. 1961-1968,1
temporary_orders,18 U.S.C. 1503,1
temporary_orders,18 U.S.C. 1962,1
temporary_orders,18 U.S.C. 1961,1
protective_order,18 U.S.C. 1961-1968,1
protective_order,18 U.S.C. 1503,1
removal_remand,18 U.S.C. 1961-1968,1
removal_remand,18 U.S.C. 1503,1
notice,18 U.S.C. 1961-1968,1
notice,18 U.S.C. 1503,1
lockout_eviction,18 U.S.C. 1961-1968,1
lockout_eviction,18 U.S.C. 1503,1
rico,18 U.S.C. 1961-1968,1
rico,18 U.S.C. 1503,1
fraud_perjury,18 U.S.C. 1961-1968,1
fraud_perjury,18 U.S.C. 1503,1
appeal,18 U.S.C. 1961-1968,1
appeal,18 U.S.C. 1503,1
custody,18 U.S.C. 1961-1968,1
custody,18 U.S.C. 1503,1
federal_court,18 U.S.C. 1961-1968,1
federal_court,18 U.S.C. 1503,1
property_financial,18 U.S.C. 1961-1968,1
property_financial,18 U.S.C. 1503,1
law_enforcement,Tex. Admin. Code 807.394,1
law_enforcement,Tex. Admin. Code 105.17,1
law_enforcement,Tex. Admin. Code 60.309,1
law_enforcement,Tex. Admin. Code 823.32,1
federal_court,Tex. Admin. Code 807.394,1
federal_court,Tex. Admin. Code 105.17,1
federal_court,Tex. Admin. Code 60.309,1
federal_court,Tex. Admin. Code 823.32,1
temporary_orders,Tex. Admin. Code 807.394,1
temporary_orders,Tex. Admin. Code 105.17,1
temporary_orders,Tex. Admin. Code 60.309,1
temporary_orders,Tex. Admin. Code 823.32,1
mandamus,Tex. Admin. Code 807.394,1
mandamus,Tex. Admin. Code 105.17,1
mandamus,Tex. Admin. Code 60.309,1
mandamus,Tex. Admin. Code 823.32,1
due_process,Tex. Admin. Code 807.394,1
due_process,Tex. Admin. Code 105.17,1
due_process,Tex. Admin. Code 60.309,1
due_process,Tex. Admin. Code 823.32,1
ex_parte,Tex. Admin. Code 807.394,1
ex_parte,Tex. Admin. Code 105.17,1
ex_parte,Tex. Admin. Code 60.309,1
ex_parte,Tex. Admin. Code 823.32,1
injunction,Tex. Admin. Code 807.394,1
injunction,Tex. Admin. Code 105.17,1
injunction,Tex. Admin. Code 60.309,1
injunction,Tex. Admin. Code 823.32,1
notice,Tex. Admin. Code 807.394,1
notice,Tex. Admin. Code 105.17,1
notice,Tex. Admin. Code 60.309,1
notice,Tex. Admin. Code 823.32,1
lockout_eviction,Tex. Admin. Code 807.394,1
lockout_eviction,Tex. Admin. Code 105.17,1
lockout_eviction,Tex. Admin. Code 60.309,1
lockout_eviction,Tex. Admin. Code 823.32,1
hearing,Tex. Admin. Code 807.394,1
hearing,Tex. Admin. Code 105.17,1
hearing,Tex. Admin. Code 60.309,1
hearing,Tex. Admin. Code 823.32,1
appeal,Tex. Admin. Code 807.394,1
appeal,Tex. Admin. Code 105.17,1
appeal,Tex. Admin. Code 60.309,1
appeal,Tex. Admin. Code 823.32,1
custody,Tex. Admin. Code 807.394,1
custody,Tex. Admin. Code 105.17,1
custody,Tex. Admin. Code 60.309,1
custody,Tex. Admin. Code 823.32,1
associate_judge,Tex. Admin. Code 807.394,1
associate_judge,Tex. Admin. Code 105.17,1
associate_judge,Tex. Admin. Code 60.309,1
associate_judge,Tex. Admin. Code 823.32,1
law_enforcement,Tex. Fam. Code 263.405,1
temporary_orders,Tex. Fam. Code 263.405,1
due_process,Tex. Fam. Code 263.405,1
mandamus,Tex. Fam. Code 263.405,1
ex_parte,Tex. Fam. Code 263.405,1
injunction,Tex. Fam. Code 263.405,1
notice,Tex. Fam. Code 263.405,1
recusal,Tex. Fam. Code 263.405,1
hearing,Tex. Fam. Code 263.405,1
appeal,Tex. Fam. Code 263.405,1
custody,Tex. Fam. Code 263.405,1
associate_judge,Tex. Fam. Code 263.405,1
law_enforcement,42 U.S.C. Section,1
mandamus,42 U.S.C. Section,1
mandamus,Tex. Admin. Code 155.152,1
rico,42 U.S.C. Section,1
rico,42 U.S.C. 1983,1
jurisdiction,42 U.S.C. Section,1
jurisdiction,Tex. Admin. Code 155.152,1
injunction,42 U.S.C. Section,1
injunction,Tex. Admin. Code 155.152,1
recusal,42 U.S.C. Section,1
protective_order,42 U.S.C. Section,1
protective_order,Tex. Admin. Code 155.152,1
ex_parte,42 U.S.C. Section,1
property_financial,42 U.S.C. Section,1
due_process,42 U.S.C. Section,1
removal_remand,42 U.S.C. Section,1
removal_remand,Tex. Admin. Code 155.152,1
appeal,42 U.S.C. Section,1
custody,42 U.S.C. Section,1
associate_judge,42 U.S.C. Section,1
civil_rights_1983,42 U.S.C. Section,1
civil_rights_1983,Tex. Admin. Code 155.152,1
notice,42 U.S.C. Section,1
lockout_eviction,42 U.S.C. Section,1
hearing,42 U.S.C. Section,1
fraud_perjury,42 U.S.C. Section,1
federal_court,42 U.S.C. Section,1
federal_court,Tex. Admin. Code 3,1
federal_court,Tex. Admin. Code the,1
notice,Tex. Admin. Code 3,1
notice,Tex. Admin. Code the,1
lockout_eviction,Tex. Admin. Code 3,1
lockout_eviction,Tex. Admin. Code the,1
recusal,Tex. Admin. Code 3,1
recusal,Tex. Admin. Code the,1
appeal,Tex. Admin. Code 3,1
appeal,Tex. Admin. Code the,1
associate_judge,Tex. Admin. Code 3,1
associate_judge,Tex. Admin. Code the,1
discovery,18 U.S.C. 1343,1
discovery,18 U.S.C. 1965,1
discovery,28 U.S.C. 1915,1
discovery,18 U.S.C. 1962,1
discovery,18 U.S.C. 1961,1
discovery,18 U.S.C. 1952,1
discovery,18 U.S.C. 1964,1
discovery,18 U.S.C. 1343-a,1
jurisdiction,18 U.S.C. 1965,1
jurisdiction,28 U.S.C. 1915,1
jurisdiction,18 U.S.C. 1952,1
jurisdiction,18 U.S.C. 1964,1
jurisdiction,18 U.S.C. 1343-a,1
law_enforcement,18 U.S.C. 1965,1
law_enforcement,28 U.S.C. 1915,1
law_enforcement,18 U.S.C. 1962,1
law_enforcement,18 U.S.C. 1952,1
law_enforcement,18 U.S.C. 1964,1
law_enforcement,18 U.S.C. 1343-a,1
mandamus,18 U.S.C. 1343,1
mandamus,18 U.S.C. 1965,1
mandamus,28 U.S.C. 1915,1
mandamus,18 U.S.C. 1962,1
mandamus,18 U.S.C. 1961,1
mandamus,18 U.S.C. 1952,1
mandamus,18 U.S.C. 1964,1
mandamus,18 U.S.C. 1343-a,1
protective_order,18 U.S.C. 1965,1
protective_order,28 U.S.C. 1915,1
protective_order,18 U.S.C. 1952,1
protective_order,18 U.S.C. 1964,1
protective_order,18 U.S.C. 1343-a,1
removal_remand,18 U.S.C. 1965,1
removal_remand,28 U.S.C. 1915,1
removal_remand,18 U.S.C. 1952,1
removal_remand,18 U.S.C. 1964,1
removal_remand,18 U.S.C. 1343-a,1
injunction,18 U.S.C. 1343,1
injunction,18 U.S.C. 1965,1
injunction,28 U.S.C. 1915,1
injunction,18 U.S.C. 1962,1
injunction,18 U.S.C. 1961,1
injunction,18 U.S.C. 1952,1
injunction,18 U.S.C. 1964,1
injunction,18 U.S.C. 1343-a,1
notice,18 U.S.C. 1965,1
notice,28 U.S.C. 1915,1
notice,18 U.S.C. 1952,1
notice,18 U.S.C. 1964,1
notice,18 U.S.C. 1343-a,1
lockout_eviction,18 U.S.C. 1965,1
lockout_eviction,28 U.S.C. 1915,1
lockout_eviction,18 U.S.C. 1952,1
lockout_eviction,18 U.S.C. 1964,1
lockout_eviction,18 U.S.C. 1343-a,1
rico,18 U.S.C. 1965,1
rico,28 U.S.C. 1391,1
rico,28 U.S.C. 1915,1
rico,28 U.S.C. 1331,1
rico,18 U.S.C. 1952,1
rico,18 U.S.C. 1964,1
rico,18 U.S.C. 1343-a,1
fraud_perjury,18 U.S.C. 1965,1
fraud_perjury,28 U.S.C. 1915,1
fraud_perjury,18 U.S.C. 1952,1
fraud_perjury,18 U.S.C. 1964,1
fraud_perjury,18 U.S.C. 1343-a,1
recusal,18 U.S.C. 1965,1
recusal,28 U.S.C. 1915,1
recusal,18 U.S.C. 1962,1
recusal,18 U.S.C. 1952,1
recusal,18 U.S.C. 1964,1
recusal,18 U.S.C. 1343-a,1
hearing,18 U.S.C. 1965,1
hearing,28 U.S.C. 1915,1
hearing,18 U.S.C. 1962,1
hearing,18 U.S.C. 1952,1
hearing,18 U.S.C. 1964,1
hearing,18 U.S.C. 1343-a,1
appeal,18 U.S.C. 1965,1
appeal,28 U.S.C. 1915,1
appeal,18 U.S.C. 1952,1
appeal,18 U.S.C. 1964,1
appeal,18 U.S.C. 1343-a,1
custody,18 U.S.C. 1965,1
custody,28 U.S.C. 1915,1
custody,18 U.S.C. 1952,1
custody,18 U.S.C. 1964,1
custody,18 U.S.C. 1343-a,1
federal_court,18 U.S.C. 1965,1
federal_court,28 U.S.C. 1915,1
federal_court,18 U.S.C. 1952,1
federal_court,18 U.S.C. 1964,1
federal_court,18 U.S.C. 1343-a,1
property_financial,18 U.S.C. 1965,1
property_financial,28 U.S.C. 1915,1
property_financial,18 U.S.C. 1952,1
property_financial,18 U.S.C. 1964,1
property_financial,18 U.S.C. 1343-a,1
sanctions_contempt,18 U.S.C. 1961,1
sanctions_contempt,18 U.S.C. 1343,1
sanctions_contempt,Tex. Admin. Code 155.152,1
rico,Tex. R. Civ. P. 18a,1
rico,Tex. R. Civ. P. 13,1
child_support_oag,Tex. Fam. Code 201.006,1
injunction,Tex. Fam. Code 201.006,1
protective_order,Tex. Fam. Code 201.006,1
due_process,Tex. Fam. Code 201.006,1
sanctions_contempt,Tex. Fam. Code 201.006,1
custody,Tex. Fam. Code 201.006,1
notice,Tex. Fam. Code 201.006,1
lockout_eviction,Tex. Fam. Code 201.006,1
hearing,Tex. Fam. Code 201.006,1
fraud_perjury,Tex. Fam. Code 201.006,1
jurisdiction,Tex. Gov't Code 54A.007,1
law_enforcement,Tex. Gov't Code 54A.007,1
federal_court,Tex. Gov't Code 54A.007,1
temporary_orders,Tex. Gov't Code 54A.007,1
mandamus,Tex. Gov't Code 54A.007,1
removal_remand,Tex. Gov't Code 54A.007,1
recusal,Tex. Gov't Code 54A.007,1
appeal,Tex. Gov't Code 54A.007,1
associate_judge,Tex. Gov't Code 54A.007,1
property_financial,Tex. Gov't Code 54A.007,1
discovery,Tex. Fam. Code 71.004,1
discovery,Tex. Fam. Code 85.004,1
discovery,Tex. Fam. Code 4.008,1
sanctions_contempt,Tex. Fam. Code 71.004,1
sanctions_contempt,Tex. Fam. Code 85.004,1
sanctions_contempt,Tex. Fam. Code 4.008,1
law_enforcement,Tex. Fam. Code 71.004,1
law_enforcement,Tex. Fam. Code 85.004,1
law_enforcement,Tex. Fam. Code 4.008,1
temporary_orders,Tex. Fam. Code 71.004,1
temporary_orders,Tex. Fam. Code 85.004,1
temporary_orders,Tex. Fam. Code 4.008,1
mandamus,Tex. Fam. Code 71.004,1
mandamus,Tex. Fam. Code 85.004,1
mandamus,Tex. Fam. Code 4.008,1
due_process,Tex. Fam. Code 71.004,1
due_process,Tex. Fam. Code 85.004,1
due_process,Tex. Fam. Code 4.008,1
injunction,Tex. Fam. Code 71.004,1
injunction,Tex. Fam. Code 85.004,1
injunction,Tex. Fam. Code 4.008,1
notice,Tex. Fam. Code 71.004,1
notice,Tex. Fam. Code 85.004,1
notice,Tex. Fam. Code 4.008,1
lockout_eviction,Tex. Fam. Code 71.004,1
lockout_eviction,Tex. Fam. Code 85.004,1
lockout_eviction,Tex. Fam. Code 4.008,1
fraud_perjury,Tex. Fam. Code 71.004,1
fraud_perjury,Tex. Fam. Code 85.004,1
fraud_perjury,Tex. Fam. Code 4.008,1
hearing,Tex. Fam. Code 71.004,1
hearing,Tex. Fam. Code 85.004,1
hearing,Tex. Fam. Code 4.008,1
protective_order,Tex. Fam. Code 71.004,1
protective_order,Tex. Fam. Code 85.004,1
protective_order,Tex. Fam. Code 4.008,1
custody,Tex. Fam. Code 71.004,1
custody,Tex. Fam. Code 85.004,1
custody,Tex. Fam. Code 4.008,1
federal_court,Tex. Fam. Code 71.004,1
federal_court,Tex. Fam. Code 85.004,1
federal_court,Tex. Fam. Code 4.008,1
property_financial,Tex. Fam. Code 71.004,1
property_financial,Tex. Fam. Code 85.004,1
property_financial,Tex. Fam. Code 4.008,1
mandamus,Tex. R. Civ. P. 21a,1
ex_parte,Tex. R. Civ. P. 21a,1
discovery,Tex. R. Civ. P. 21a,1
discovery,28 U.S.C. 1441Ca,1
jurisdiction,28 U.S.C. 1441Ca,1
federal_court,28 U.S.C. 1441Ca,1
temporary_orders,28 U.S.C. 1441Ca,1
child_support_oag,28 U.S.C. 1441Ca,1
removal_remand,28 U.S.C. 1441Ca,1
notice,28 U.S.C. 1441Ca,1
lockout_eviction,28 U.S.C. 1441Ca,1
fraud_perjury,28 U.S.C. 1441Ca,1
recusal,28 U.S.C. 1441Ca,1
hearing,28 U.S.C. 1441Ca,1
appeal,28 U.S.C. 1441Ca,1
custody,28 U.S.C. 1441Ca,1
due_process,28 U.S.C. 1441Ca,1
property_financial,28 U.S.C. 1441Ca,1
law_enforcement,Tex. Penal Code 22.041,1
law_enforcement,Tex. Fam. Code 8.052,1
law_enforcement,Tex. Fam. Code 8.051,1
law_enforcement,Tex. Penal Code 31.03,1
law_enforcement,Tex. Fam. Code 261.001,1
law_enforcement,Tex. Fam. Code 8.053,1
law_enforcement,Tex. Fam. Code 7.001,1
law_enforcement,Tex. Fam. Code 9.003,1
law_enforcement,Tex. Fam. Code 6.003,1
mandamus,Tex. Penal Code 22.041,1
mandamus,Tex. Fam. Code 8.052,1
mandamus,Tex. Fam. Code 8.051,1
mandamus,Tex. Penal Code 31.03,1
mandamus,Tex. Fam. Code 261.001,1
mandamus,Tex. Fam. Code 8.053,1
mandamus,Tex. Fam. Code 7.001,1
mandamus,Tex. Fam. Code 9.003,1
mandamus,Tex. Fam. Code 6.003,1
child_support_oag,Tex. Penal Code 22.041,1
child_support_oag,Tex. Fam. Code 8.052,1
child_support_oag,Tex. Fam. Code 8.051,1
child_support_oag,Tex. Penal Code 31.03,1
child_support_oag,Tex. Fam. Code 261.001,1
child_support_oag,Tex. Fam. Code 8.053,1
child_support_oag,Tex. Fam. Code 7.001,1
child_support_oag,Tex. Fam. Code 9.003,1
child_support_oag,Tex. Fam. Code 6.003,1
injunction,Tex. Penal Code 22.041,1
injunction,Tex. Fam. Code 8.052,1
injunction,Tex. Fam. Code 8.051,1
injunction,Tex. Penal Code 31.03,1
injunction,Tex. Fam. Code 261.001,1
injunction,Tex. Fam. Code 8.053,1
injunction,Tex. Fam. Code 7.001,1
injunction,Tex. Fam. Code 9.003,1
injunction,Tex. Fam. Code 6.003,1
recusal,Tex. Penal Code 22.041,1
recusal,Tex. Fam. Code 8.052,1
recusal,Tex. Fam. Code 8.051,1
recusal,Tex. Fam. Code 7.009,1
recusal,Tex. Penal Code 31.03,1
recusal,Tex. Fam. Code 261.001,1
recusal,Tex. Fam. Code 8.053,1
recusal,Tex. Fam. Code 7.001,1
recusal,Tex. Fam. Code 9.003,1
recusal,Tex. Fam. Code 6.003,1
protective_order,Tex. Penal Code 22.041,1
protective_order,Tex. Fam. Code 8.052,1
protective_order,Tex. Fam. Code 8.051,1
protective_order,Tex. Penal Code 31.03,1
protective_order,Tex. Fam. Code 261.001,1
protective_order,Tex. Fam. Code 8.053,1
protective_order,Tex. Fam. Code 7.001,1
protective_order,Tex. Fam. Code 9.003,1
protective_order,Tex. Fam. Code 6.003,1
ex_parte,Tex. Penal Code 22.041,1
ex_parte,Tex. Fam. Code 8.052,1
ex_parte,Tex. Fam. Code 8.051,1
ex_parte,Tex. Penal Code 31.03,1
ex_parte,Tex. Fam. Code 261.001,1
ex_parte,Tex. Fam. Code 8.053,1
ex_parte,Tex. Fam. Code 7.001,1
ex_parte,Tex. Fam. Code 9.003,1
ex_parte,Tex. Fam. Code 6.003,1
property_financial,Tex. Penal Code 22.041,1
property_financial,Tex. Fam. Code 8.052,1
property_financial,Tex. Fam. Code 8.051,1
property_financial,Tex. Penal Code 31.03,1
property_financial,Tex. Fam. Code 261.001,1
property_financial,Tex. Fam. Code 8.053,1
property_financial,Tex. Fam. Code 7.001,1
property_financial,Tex. Fam. Code 9.003,1
property_financial,Tex. Fam. Code 6.003,1
due_process,Tex. Penal Code 22.041,1
due_process,Tex. Fam. Code 8.052,1
due_process,Tex. Fam. Code 8.051,1
due_process,Tex. Penal Code 31.03,1
due_process,Tex. Fam. Code 261.001,1
due_process,Tex. Fam. Code 8.053,1
due_process,Tex. Fam. Code 7.001,1
due_process,Tex. Fam. Code 9.003,1
due_process,Tex. Fam. Code 6.003,1
sanctions_contempt,Tex. Penal Code 22.041,1
sanctions_contempt,Tex. Fam. Code 8.052,1
sanctions_contempt,Tex. Fam. Code 8.051,1
sanctions_contempt,Tex. Penal Code 31.03,1
sanctions_contempt,Tex. Fam. Code 261.001,1
sanctions_contempt,Tex. Fam. Code 8.053,1
sanctions_contempt,Tex. Fam. Code 7.001,1
sanctions_contempt,Tex. Fam. Code 9.003,1
sanctions_contempt,Tex. Fam. Code 6.003,1
removal_remand,Tex. Penal Code 22.041,1
removal_remand,Tex. Fam. Code 8.052,1
removal_remand,Tex. Fam. Code 8.051,1
removal_remand,Tex. Penal Code 31.03,1
removal_remand,Tex. Fam. Code 261.001,1
removal_remand,Tex. Fam. Code 8.053,1
removal_remand,Tex. Fam. Code 7.001,1
removal_remand,Tex. Fam. Code 9.003,1
removal_remand,Tex. Fam. Code 6.003,1
appeal,Tex. Penal Code 22.041,1
appeal,Tex. Fam. Code 8.052,1
appeal,Tex. Fam. Code 8.051,1
appeal,Tex. Penal Code 31.03,1
appeal,Tex. Fam. Code 261.001,1
appeal,Tex. Fam. Code 8.053,1
appeal,Tex. Fam. Code 7.001,1
appeal,Tex. Fam. Code 9.003,1
appeal,Tex. Fam. Code 6.003,1
custody,Tex. Penal Code 22.041,1
custody,Tex. Fam. Code 8.052,1
custody,Tex. Fam. Code 8.051,1
custody,Tex. Penal Code 31.03,1
custody,Tex. Fam. Code 261.001,1
custody,Tex. Fam. Code 8.053,1
custody,Tex. Fam. Code 7.001,1
custody,Tex. Fam. Code 9.003,1
custody,Tex. Fam. Code 6.003,1
discovery,Tex. Penal Code 22.041,1
discovery,Tex. Fam. Code 8.052,1
discovery,Tex. Fam. Code 8.051,1
discovery,Tex. Penal Code 31.03,1
discovery,Tex. Fam. Code 261.001,1
discovery,Tex. Fam. Code 8.053,1
discovery,Tex. Fam. Code 7.001,1
discovery,Tex. Fam. Code 9.003,1
discovery,Tex. Fam. Code 6.003,1
civil_rights_1983,Tex. Penal Code 22.041,1
civil_rights_1983,Tex. Fam. Code 8.052,1
civil_rights_1983,Tex. Fam. Code 8.051,1
civil_rights_1983,Tex. Fam. Code 7.009,1
civil_rights_1983,Tex. Penal Code 31.03,1
civil_rights_1983,Tex. Fam. Code 261.001,1
civil_rights_1983,Tex. Fam. Code 8.053,1
civil_rights_1983,Tex. Fam. Code 7.001,1
civil_rights_1983,Tex. Fam. Code 9.003,1
civil_rights_1983,Tex. Fam. Code 6.003,1
temporary_orders,Tex. Penal Code 22.041,1
temporary_orders,Tex. Fam. Code 8.052,1
temporary_orders,Tex. Fam. Code 8.051,1
temporary_orders,Tex. Penal Code 31.03,1
temporary_orders,Tex. Fam. Code 261.001,1
temporary_orders,Tex. Fam. Code 8.053,1
temporary_orders,Tex. Fam. Code 7.001,1
temporary_orders,Tex. Fam. Code 9.003,1
temporary_orders,Tex. Fam. Code 6.003,1
notice,Tex. Penal Code 22.041,1
notice,Tex. Fam. Code 8.052,1
notice,Tex. Fam. Code 8.051,1
notice,Tex. Penal Code 31.03,1
notice,Tex. Fam. Code 261.001,1
notice,Tex. Fam. Code 8.053,1
notice,Tex. Fam. Code 7.001,1
notice,Tex. Fam. Code 9.003,1
notice,Tex. Fam. Code 6.003,1
lockout_eviction,Tex. Penal Code 22.041,1
lockout_eviction,Tex. Fam. Code 8.052,1
lockout_eviction,Tex. Fam. Code 8.051,1
lockout_eviction,Tex. Penal Code 31.03,1
lockout_eviction,Tex. Fam. Code 261.001,1
lockout_eviction,Tex. Fam. Code 8.053,1
lockout_eviction,Tex. Fam. Code 7.001,1
lockout_eviction,Tex. Fam. Code 9.003,1
lockout_eviction,Tex. Fam. Code 6.003,1
hearing,Tex. Penal Code 22.041,1
hearing,Tex. Fam. Code 8.052,1
hearing,Tex. Fam. Code 8.051,1
hearing,Tex. Penal Code 31.03,1
hearing,Tex. Fam. Code 261.001,1
hearing,Tex. Fam. Code 8.053,1
hearing,Tex. Fam. Code 7.001,1
hearing,Tex. Fam. Code 9.003,1
hearing,Tex. Fam. Code 6.003,1
fraud_perjury,Tex. Penal Code 22.041,1
fraud_perjury,Tex. Fam. Code 8.052,1
fraud_perjury,Tex. Fam. Code 8.051,1
fraud_perjury,Tex. Penal Code 31.03,1
fraud_perjury,Tex. Fam. Code 261.001,1
fraud_perjury,Tex. Fam. Code 8.053,1
fraud_perjury,Tex. Fam. Code 7.001,1
fraud_perjury,Tex. Fam. Code 9.003,1
fraud_perjury,Tex. Fam. Code 6.003,1
federal_court,Tex. Penal Code 22.041,1
federal_court,Tex. Fam. Code 8.052,1
federal_court,Tex. Fam. Code 8.051,1
federal_court,Tex. Penal Code 31.03,1
federal_court,Tex. Fam. Code 261.001,1
federal_court,Tex. Fam. Code 8.053,1
federal_court,Tex. Fam. Code 7.001,1
federal_court,Tex. Fam. Code 9.003,1
federal_court,Tex. Fam. Code 6.003,1
injunction,Tex. R. Civ. P. 21a,1
rico,Tex. R. Civ. P. 198,1
rico,Tex. Fam. Code 85.001,1
law_enforcement,Tex. Fam. Code 154.125,1
law_enforcement,Tex. Fam. Code 6.001,1
law_enforcement,Tex. Fam. Code 153.312,1
law_enforcement,Tex. Fam. Code 261.107,1
law_enforcement,Tex. Fam. Code Chapter,1
mandamus,Tex. Fam. Code 154.125,1
mandamus,Tex. Fam. Code 6.001,1
mandamus,Tex. Fam. Code 153.312,1
mandamus,Tex. Fam. Code 261.107,1
mandamus,Tex. Fam. Code Chapter,1
jurisdiction,Tex. Fam. Code 154.125,1
jurisdiction,Tex. Fam. Code 6.001,1
jurisdiction,Tex. Fam. Code 153.312,1
jurisdiction,Tex. Fam. Code 7.009,1
jurisdiction,Tex. Fam. Code 261.107,1
jurisdiction,Tex. Fam. Code 153.004,1
jurisdiction,Tex. Fam. Code Chapter,1
jurisdiction,Tex. Fam. Code 153.131,1
child_support_oag,Tex. Fam. Code 154.125,1
child_support_oag,Tex. Fam. Code 6.001,1
child_support_oag,Tex. Fam. Code 153.312,1
child_support_oag,Tex. Fam. Code 261.107,1
child_support_oag,Tex. Fam. Code 153.004,1
child_support_oag,Tex. Fam. Code Chapter,1
child_support_oag,Tex. Fam. Code 153.131,1
injunction,Tex. Fam. Code 154.125,1
injunction,Tex. Fam. Code 6.001,1
injunction,Tex. Fam. Code 153.312,1
injunction,Tex. Fam. Code 261.107,1
injunction,Tex. Fam. Code 153.004,1
injunction,Tex. Fam. Code Chapter,1
injunction,Tex. Fam. Code 153.131,1
protective_order,Tex. Fam. Code 154.125,1
protective_order,Tex. Fam. Code 6.001,1
protective_order,Tex. Fam. Code 153.312,1
protective_order,Tex. Fam. Code 261.107,1
protective_order,Tex. Fam. Code Chapter,1
ex_parte,Tex. Fam. Code 154.125,1
ex_parte,Tex. Fam. Code 6.001,1
ex_parte,Tex. Fam. Code 153.312,1
ex_parte,Tex. Fam. Code 261.107,1
ex_parte,Tex. Fam. Code 153.004,1
ex_parte,Tex. Fam. Code Chapter,1
ex_parte,Tex. Fam. Code 153.131,1
property_financial,Tex. Fam. Code 154.125,1
property_financial,Tex. Fam. Code 6.001,1
property_financial,Tex. Fam. Code 153.312,1
property_financial,Tex. Fam. Code 261.107,1
property_financial,Tex. Fam. Code Chapter,1
due_process,Tex. Fam. Code 154.125,1
due_process,Tex. Fam. Code 6.001,1
due_process,Tex. Fam. Code 153.312,1
due_process,Tex. Fam. Code 261.107,1
due_process,Tex. Fam. Code 153.004,1
due_process,Tex. Fam. Code Chapter,1
due_process,Tex. Fam. Code 153.131,1
sanctions_contempt,Tex. Fam. Code 154.125,1
sanctions_contempt,Tex. Fam. Code 6.001,1
sanctions_contempt,Tex. Fam. Code 153.312,1
sanctions_contempt,Tex. Fam. Code 261.107,1
sanctions_contempt,Tex. Fam. Code Chapter,1
removal_remand,Tex. Fam. Code 154.125,1
removal_remand,Tex. Fam. Code 6.001,1
removal_remand,Tex. Fam. Code 153.312,1
removal_remand,Tex. Fam. Code 261.107,1
removal_remand,Tex. Fam. Code Chapter,1
appeal,Tex. Fam. Code 154.125,1
appeal,Tex. Fam. Code 6.001,1
appeal,Tex. Fam. Code 153.312,1
appeal,Tex. Fam. Code 261.107,1
appeal,Tex. Fam. Code Chapter,1
custody,Tex. Fam. Code 154.125,1
custody,Tex. Fam. Code 6.001,1
custody,Tex. Fam. Code 153.312,1
custody,Tex. Fam. Code 261.107,1
custody,Tex. Fam. Code Chapter,1
discovery,Tex. Fam. Code 154.125,1
discovery,Tex. Fam. Code 6.001,1
discovery,Tex. Fam. Code 153.312,1
discovery,Tex. Fam. Code 261.107,1
discovery,Tex. Fam. Code Chapter,1
temporary_orders,Tex. Fam. Code 154.125,1
temporary_orders,Tex. Fam. Code 6.001,1
temporary_orders,Tex. Fam. Code 153.312,1
temporary_orders,Tex. Fam. Code 261.107,1
temporary_orders,Tex. Fam. Code 153.004,1
temporary_orders,Tex. Fam. Code Chapter,1
temporary_orders,Tex. Fam. Code 153.131,1
notice,Tex. Fam. Code 154.125,1
notice,Tex. Fam. Code 6.001,1
notice,Tex. Fam. Code 153.312,1
notice,Tex. Fam. Code 261.107,1
notice,Tex. Fam. Code Chapter,1
lockout_eviction,Tex. Fam. Code 154.125,1
lockout_eviction,Tex. Fam. Code 6.001,1
lockout_eviction,Tex. Fam. Code 153.312,1
lockout_eviction,Tex. Fam. Code 261.107,1
lockout_eviction,Tex. Fam. Code 153.004,1
lockout_eviction,Tex. Fam. Code Chapter,1
lockout_eviction,Tex. Fam. Code 153.131,1
hearing,Tex. Fam. Code 154.125,1
hearing,Tex. Fam. Code 6.001,1
hearing,Tex. Fam. Code 153.312,1
hearing,Tex. Fam. Code 261.107,1
hearing,Tex. Fam. Code Chapter,1
fraud_perjury,Tex. Fam. Code 154.125,1
fraud_perjury,Tex. Fam. Code 6.001,1
fraud_perjury,Tex. Fam. Code 153.312,1
fraud_perjury,Tex. Fam. Code 261.107,1
fraud_perjury,Tex. Fam. Code Chapter,1
federal_court,Tex. Fam. Code 154.125,1
federal_court,Tex. Fam. Code 6.001,1
federal_court,Tex. Fam. Code 153.312,1
federal_court,Tex. Fam. Code 261.107,1
federal_court,Tex. Fam. Code Chapter,1
discovery,Tex. Fam. Code 153.134,1
discovery,Tex. Fam. Code 153.193,1
discovery,Tex. Fam. Code 156.101,1
sanctions_contempt,Tex. Fam. Code 153.134,1
sanctions_contempt,Tex. Fam. Code 153.193,1
sanctions_contempt,Tex. Fam. Code 156.101,1
law_enforcement,Tex. Fam. Code 153.134,1
law_enforcement,Tex. Fam. Code 153.193,1
law_enforcement,Tex. Fam. Code 156.101,1
mandamus,Tex. Fam. Code 153.134,1
mandamus,Tex. Fam. Code 153.193,1
mandamus,Tex. Fam. Code 156.101,1
protective_order,Tex. Fam. Code 153.134,1
protective_order,Tex. Fam. Code 153.193,1
protective_order,Tex. Fam. Code 156.101,1
removal_remand,Tex. Fam. Code 153.134,1
removal_remand,Tex. Fam. Code 153.193,1
removal_remand,Tex. Fam. Code 156.101,1
notice,Tex. Fam. Code 153.134,1
notice,Tex. Fam. Code 153.193,1
notice,Tex. Fam. Code 156.101,1
fraud_perjury,Tex. Fam. Code 153.134,1
fraud_perjury,Tex. Fam. Code 153.193,1
fraud_perjury,Tex. Fam. Code 156.101,1
hearing,Tex. Fam. Code 153.134,1
hearing,Tex. Fam. Code 153.193,1
hearing,Tex. Fam. Code 156.101,1
appeal,Tex. Fam. Code 153.134,1
appeal,Tex. Fam. Code 153.193,1
appeal,Tex. Fam. Code 156.101,1
custody,Tex. Fam. Code 153.134,1
custody,Tex. Fam. Code 153.193,1
custody,Tex. Fam. Code 156.101,1
federal_court,Tex. Fam. Code 153.134,1
federal_court,Tex. Fam. Code 153.193,1
federal_court,Tex. Fam. Code 156.101,1
property_financial,Tex. Fam. Code 153.134,1
property_financial,Tex. Fam. Code 153.193,1
property_financial,Tex. Fam. Code 156.101,1
law_enforcement,50 U.S.C. APP,1
removal_remand,50 U.S.C. APP,1
notice,50 U.S.C. APP,1
lockout_eviction,50 U.S.C. APP,1
fraud_perjury,50 U.S.C. APP,1
protective_order,50 U.S.C. APP,1
custody,50 U.S.C. APP,1
federal_court,50 U.S.C. APP,1
property_financial,50 U.S.C. APP,1
