date,case_numbers,doc_tags,issue_tags,pages,source_pdf
2016-02-25,,mandamus,appeal;associate_judge;federal_court;mandamus,1,CASE DOCS\02-25-00164-CV_MANDAMUS_FILED - 04.10.2025-1.pdf
2017-02-25,02-25-00171-CV,mandamus;record,appeal;associate_judge;child_support_oag;custody;discovery;due_process;ex_parte;federal_court;fraud_perjury;hearing;injunction;jurisdiction;law_enforcement;lockout_eviction;mandamus;notice;property_financial;protective_order;recusal;removal_remand;sanctions_contempt;temporary_orders,244,CASE DOCS\02-25-00171-CV MANDAMUS RECORD-1.pdf
2021-08-31,,order,custody;federal_court;hearing;injunction;jurisdiction;notice,4,CASE DOCS\08.31.21 - AGREED ORDER COOPER CARTER-1.pdf
2023-05-04,04-2023,motion,appeal;associate_judge;custody;discovery;federal_court;hearing;jurisdiction;law_enforcement;lockout_eviction;mandamus;notice;property_financial;recusal;removal_remand,61,CASE DOCS\05-04-2023-Agreed_Motion-1.pdf-1.pdf
2023-12-18,,petition,child_support_oag;custody;discovery;federal_court;jurisdiction;law_enforcement;notice;property_financial;protective_order,10,CASE DOCS\12.18.23 - Original Petition For Divorce-1.pdf
2023-12-22,322-744538-23,order,appeal;child_support_oag;custody;ex_parte;fraud_perjury;hearing;jurisdiction;law_enforcement;lockout_eviction;notice;property_financial;protective_order;removal_remand,7,CASE DOCS\12.22.2023_FROM 322-744538-23  APPLICATION FORPROTECTIVE ORDER-1.pdf
2023-12-22,,order;petition,custody;property_financial,5,CASE DOCS\12.22.2023_IMAGE OF PETITIONER WITH CHILDREN AT HOME ON DECEMBER 22ND 2023 AFTERFILING FOR A PROTECTIVE ORDER-1.pdf
2023-12-22,,order,appeal;custody;ex_parte;hearing;law_enforcement;lockout_eviction;notice;property_financial;protective_order;sanctions_contempt;temporary_orders,4,CASE DOCS\12.22.23 - Temporary Ex Parte Protective Order-1.pdf
2023-12-22,,order,appeal;child_support_oag;custody;ex_parte;fraud_perjury;hearing;jurisdiction;law_enforcement;lockout_eviction;notice;property_financial;protective_order;removal_remand,6,CASE DOCS\12.22.23 Application for Protective Order-1.pdf
2023-12-27,,motion;order,,1,CASE DOCS\12.27.2023_MOTION FOR TEMPORARY ORDERS  TRO UNSERVED-1.pdf
2023-12-27,,emergency,appeal;custody;ex_parte;hearing;law_enforcement;lockout_eviction;notice;property_financial;protective_order;sanctions_contempt;temporary_orders,4,CASE DOCS\12.27.23 - Emergency EX-PARTE-1.pdf
2023-12-27,,motion,child_support_oag;custody;discovery;due_process;federal_court;hearing;injunction;notice;property_financial;temporary_orders,9,CASE DOCS\12.27.23 - Motion for TRO-1.pdf
2023-12-27,,order,appeal;custody;ex_parte;hearing;law_enforcement;lockout_eviction;notice;property_financial;protective_order;sanctions_contempt;temporary_orders,7,CASE DOCS\12.27.23 - Order to Show Cause (X)-1.pdf
2023-12-28,322-744538-23,hearing;order,appeal;custody;ex_parte;hearing;jurisdiction;law_enforcement;lockout_eviction;notice;property_financial;protective_order;sanctions_contempt;temporary_orders,5,CASE DOCS\12.28.2023_FROM 322-744538-23  ORDER SETTING HEARING 11624  900 AM-1.pdf
2023-12-28,,order,federal_court;hearing;notice;protective_order,1,CASE DOCS\12.28.23 - ORDER TO SHOW CAUSE CITATION-1.pdf
2024-02-01,,report,associate_judge;child_support_oag;custody;federal_court;property_financial;temporary_orders,6,CASE DOCS\02.01.24 - AJ Report-1.pdf
2024-02-01,,report,associate_judge;child_support_oag;custody;federal_court,3,CASE DOCS\02.01.24 - AJ's Report-1.pdf
2024-02-01,,order,federal_court,3,CASE DOCS\02.01.24 - Agreed Order to Consolidation-1.pdf
2024-02-05,,notice,federal_court;notice,3,CASE DOCS\02.05.2024_NOTICE OF TERMINATION OF LEGAL COUNSEL -BACALIS-1.pdf
2024-02-05,,notice,federal_court;notice,3,CASE DOCS\02.05.24 - NOTICE OF TERMINATION OF LEGAL COUNSEL-1.pdf
2024-02-06,,motion,discovery;federal_court;notice,5,CASE DOCS\02.06.2024_AGREED MOTION FOR WITHDRAWAL OF ATTY BACALIS-1.pdf
2024-02-06,,motion,discovery;federal_court;notice,4,CASE DOCS\02.06.24 - Agreed Motion for Withdraw-1.pdf
2024-02-06,,motion,discovery;federal_court;notice,4,CASE DOCS\02.06.24 - Agreed Motion for Withdrawal of Attorney-1.pdf
2024-02-06,,motion,discovery;federal_court;notice,4,CASE DOCS\02.06.24 - Agreed Motion for Withdrawal of Attorney_2694B50A-1.pdf
2024-02-08,,report,associate_judge;child_support_oag;custody;federal_court;property_financial;temporary_orders,7,CASE DOCS\02.08.2024_AGREED AJS REPORT FOR TEMP ORDS-1.pdf
2024-02-08,,order,federal_court,4,CASE DOCS\02.08.2024_AGREED ORDER FOR CONSOLIDATION SIGNED 2124-1.pdf
2024-02-08,,report,associate_judge;child_support_oag;custody;federal_court;property_financial;temporary_orders,6,CASE DOCS\02.08.24 - ASSOCIATE JUDGE'S REPORT-1.pdf
2024-02-08,,motion,federal_court,3,CASE DOCS\02.08.24 - Agreed Motion to Consolidate-1.pdf
2024-02-08,,order,federal_court,3,CASE DOCS\02.08.24 - Agreed Order for Consolidation-1-1.pdf
2024-02-08,,report,associate_judge;child_support_oag;custody;federal_court;property_financial;temporary_orders,6,CASE DOCS\02.08.24 - Associate Judge's Report-1-1.pdf
2024-02-09,,record,civil_rights_1983;jurisdiction;removal_remand,462,CASE DOCS\02.09.2024_EXHIBIT A1 - TEXT RECORDS AND VISUALIZATIONS-1.pdf
2024-02-09,,notice,custody;lockout_eviction;notice;property_financial;protective_order,4,CASE DOCS\02.09.2024_EXHIBIT A5 - EVICTION NOTICE TORN-1.pdf
2024-02-09,,notice,custody;lockout_eviction;notice;property_financial;protective_order,4,CASE DOCS\02.09.24 -  Exhibit A.5 EVICTION NOTICE-1.pdf
2024-02-09,,emergency;motion,,2,CASE DOCS\02.09.24 - EMERGENCY MOTION - EXHIBIT A.3-1.pdf
2024-02-09,,emergency;motion;order,child_support_oag;custody;discovery;due_process;federal_court;fraud_perjury;hearing;jurisdiction;law_enforcement;lockout_eviction;notice;property_financial;protective_order;removal_remand;temporary_orders,13,CASE DOCS\02.09.24 - EMERGENCY MOTION TO RECONSIDER EVIDENCE AND VACATE TEMPORARY ORDERS-1.pdf
2024-02-09,,emergency;motion,child_support_oag;custody;discovery;due_process;federal_court;fraud_perjury;hearing;jurisdiction;law_enforcement;lockout_eviction;notice;property_financial;protective_order;removal_remand;temporary_orders,13,CASE DOCS\02.09.24 - EMERGENCY MOTION TO RECONSIDER-1.pdf
2024-02-09,,emergency;motion,federal_court;hearing;lockout_eviction;notice;temporary_orders,4,CASE DOCS\02.09.24 - EMERGENCY MOTION TO VACATE.pdf
2024-02-09,,emergency;motion,child_support_oag;custody;discovery;due_process;federal_court;fraud_perjury;hearing;jurisdiction;law_enforcement;lockout_eviction;notice;property_financial;protective_order;removal_remand;temporary_orders,13,CASE DOCS\02.09.24 - EMERGENCY MOTION.pdf
2024-02-09,,petition,child_support_oag;custody;discovery;federal_court;jurisdiction;law_enforcement;notice;property_financial;protective_order,13,CASE DOCS\02.09.24 - Exhibit B.1 ORIGINAL PETITION FOR DIVORCE-1.pdf
2024-02-12,,order,federal_court;notice,3,CASE DOCS\02.12.24 - ORDER FOR WD OF ATTORNEY-1.pdf
2024-02-12,,order,custody;discovery;due_process;federal_court;fraud_perjury;hearing;injunction;lockout_eviction;notice;property_financial;protective_order;temporary_orders,19,CASE DOCS\02.12.24 - Order of Withdraw (BACALIS)-1.pdf
2024-02-14,,petition,custody;discovery;due_process;federal_court;fraud_perjury;hearing;injunction;lockout_eviction;notice;property_financial;protective_order;temporary_orders,8,CASE DOCS\02.14.24 - RESPONDENT'S ANSWER TO PETITIONERS DIVORCE PETITION-1.pdf
2024-02-22,,motion;order,federal_court;notice,2,CASE DOCS\02.22.2024_PROP ORDER ON MOTION FOR PRETRIAL SUMMARYJUDGMENT-1.pdf
2024-02-22,,motion;order,federal_court;notice,2,CASE DOCS\02.22.24 - PROPOSED ORDER ON MOTION FOR SUMMARY JUDGMENT-1.pdf
2024-02-22,,hearing;notice,federal_court;hearing;notice,4,CASE DOCS\02.22.24 - SUMM JUDGEMENT NOTICE OF HEARING-1.pdf
2024-02-22,,brief,custody;discovery;due_process;federal_court;fraud_perjury;hearing;law_enforcement;lockout_eviction;notice;property_financial;protective_order;removal_remand;sanctions_contempt;temporary_orders,10,CASE DOCS\02.22.24 - SUMMARY JUDGMENT BRIEF-1.pdf
2024-02-22,,motion;order,federal_court;notice,2,CASE DOCS\02.22.24 Order on Motion for Summary Judgment-1.pdf
2024-02-24,,brief;motion,custody;discovery;due_process;federal_court;fraud_perjury;hearing;law_enforcement;lockout_eviction;notice;property_financial;protective_order;removal_remand;sanctions_contempt;temporary_orders,10,CASE DOCS\02.24.24 - MOTION FOR SUMMARY JUDGMENT - BRIEF-1.pdf
2024-02-25,,notice,federal_court;notice,2,CASE DOCS\02.25.24 Notice of Termination of Legal Counsel-1.pdf
2024-02-27,,hearing;notice,federal_court;hearing;lockout_eviction;notice;temporary_orders,6,CASE DOCS\02.27.2024_NOTICE OF HEARING 31424  9AM-1.pdf
2024-03-03,,notice,custody;federal_court;fraud_perjury;hearing;lockout_eviction;notice;property_financial;protective_order,4,CASE DOCS\03.03.24 Notice and Unsworn Declaration-1.pdf
2024-03-04,,notice,custody;federal_court;fraud_perjury;hearing;lockout_eviction;notice;property_financial;protective_order,5,CASE DOCS\03.04.2024_NOTICE  UNSWORN DECLARATION-1.pdf
2024-03-06,,notice,,1,CASE DOCS\03.06.24 - LOCKOUT NOTICE-1.pdf
2024-03-09,,affidavit,federal_court,2,CASE DOCS\03.09.24 - JOHN VARELA AFFIDAVIT-1.pdf
2024-03-10,,affidavit,federal_court,2,CASE DOCS\03.10.24 - CHRISTIAN VROOM AFFIDAVIT-1.pdf
2024-03-14,,report,associate_judge;federal_court;temporary_orders,3,CASE DOCS\03.14.2024_ASSOCIATE JUDGE REPORT-1.pdf
2024-03-14,,report,federal_court;temporary_orders,1,CASE DOCS\03.14.24 - ASSOCIATE JUDGE REPORT-1.pdf
2024-03-14,,report,federal_court;temporary_orders,1,CASE DOCS\03.14.24 - Associate Judge's Report-1.pdf
2024-03-14,,order,associate_judge;child_support_oag;custody;federal_court;fraud_perjury;hearing;injunction;jurisdiction;notice;property_financial;protective_order;sanctions_contempt;temporary_orders,40,CASE DOCS\03.14.24 - TEMP ORDERS REDACTED-1.pdf
2024-03-14,,order,associate_judge;child_support_oag;custody;federal_court;fraud_perjury;hearing;injunction;jurisdiction;notice;property_financial;protective_order;sanctions_contempt;temporary_orders,38,CASE DOCS\03.14.24 - Temporary Orders-1.pdf
2024-03-26,,affidavit,custody;federal_court;property_financial,3,CASE DOCS\03.26.2024_ATTACH AARON WATSON AFFIDAVIT-1.pdf
2024-03-26,,report,associate_judge;federal_court;temporary_orders,3,CASE DOCS\03.26.2024_ATTACH ASSOCIATE JUDGE REPORT-1.pdf
2024-03-26,,affidavit,custody;federal_court;property_financial,4,CASE DOCS\03.26.2024_ATTACH BRIANNA GALBO AFFIDAVIT-1.pdf
2024-03-26,,affidavit,federal_court,3,CASE DOCS\03.26.2024_ATTACH CHRISTIAN VROOM AFFIDAVIT-1.pdf
2024-03-26,,affidavit,federal_court,3,CASE DOCS\03.26.2024_ATTACH DANNY SLADE BURT AFFIDAVIT-1.pdf
2024-03-26,,affidavit,federal_court,3,CASE DOCS\03.26.2024_ATTACH JOHN VALERA AFFIDAVIT-1.pdf
2024-03-26,,record,appeal;associate_judge;custody;federal_court;hearing;lockout_eviction;mandamus;notice;property_financial;protective_order;temporary_orders,9,CASE DOCS\03.26.2024_REQUEST FOR CLERK TO PREPARE RECORD-1.pdf
2024-03-26,,order,associate_judge;child_support_oag;custody;federal_court;fraud_perjury;hearing;injunction;jurisdiction;notice;property_financial;protective_order;sanctions_contempt;temporary_orders,40,CASE DOCS\03.26.2024_TEMPORARY ORDERS-1.pdf
2024-03-26,,notice,appeal;associate_judge;child_support_oag;custody;discovery;due_process;ex_parte;federal_court;fraud_perjury;hearing;jurisdiction;law_enforcement;lockout_eviction;notice;property_financial;protective_order;removal_remand;sanctions_contempt;temporary_orders,50,CASE DOCS\03.26.24 - 2nd Amended Preparatory Notice-1.pdf
2024-03-26,,affidavit,custody;federal_court;fraud_perjury;property_financial,3,CASE DOCS\03.26.24 - Luz Oble Affidavit-1.pdf
2024-03-26,,affidavit,custody;federal_court;property_financial,4,CASE DOCS\03.26.24 - Morvan Affidavit-1.pdf
2024-03-26,,notice,appeal;associate_judge;child_support_oag;custody;discovery;due_process;ex_parte;federal_court;fraud_perjury;hearing;jurisdiction;law_enforcement;lockout_eviction;notice;property_financial;protective_order;removal_remand;sanctions_contempt;temporary_orders,49,CASE DOCS\03.26.24 - SECOND PREPARATORY NOTICE FOR JUDICIAL REVIEW-1.pdf
2024-03-26,,notice,appeal;associate_judge;child_support_oag;custody;discovery;due_process;ex_parte;federal_court;fraud_perjury;hearing;jurisdiction;law_enforcement;lockout_eviction;notice;property_financial;protective_order;removal_remand;sanctions_contempt;temporary_orders,49,CASE DOCS\03.26.24 - Second Amended Prepatory Notice for Judicial Review-1.pdf
2024-03-26,,order,associate_judge;child_support_oag;custody;federal_court;fraud_perjury;hearing;injunction;jurisdiction;notice;property_financial;protective_order;sanctions_contempt;temporary_orders,39,CASE DOCS\03.26.24 - TEMPORARY ORDERS (ILLEGAL)-1.pdf
2024-03-26,,order,associate_judge;child_support_oag;custody;federal_court;fraud_perjury;hearing;injunction;jurisdiction;notice;property_financial;protective_order;sanctions_contempt;temporary_orders,39,CASE DOCS\03.26.24 - TEMPORARY ORDERS-1.pdf
2024-04-03,,motion;notice,appeal;associate_judge;federal_court;mandamus;notice;protective_order,4,CASE DOCS\04.03.2024_NOTICE OF FILING ORIGINAL PROCEEDINGMOTIONFOR TEMP RELIEF-1.pdf
2024-04-03,,emergency,appeal;associate_judge;child_support_oag;custody;discovery;due_process;ex_parte;federal_court;fraud_perjury;hearing;injunction;jurisdiction;law_enforcement;lockout_eviction;mandamus;notice;property_financial;protective_order;removal_remand;rico;sanctions_contempt;temporary_orders,260,CASE DOCS\04.03.24 - EMERGENCY RELIEF - STAY_Redacted_3966607E-1.pdf
2024-04-03,,emergency;motion,appeal;associate_judge;child_support_oag;custody;discovery;due_process;ex_parte;federal_court;fraud_perjury;hearing;injunction;jurisdiction;law_enforcement;lockout_eviction;mandamus;notice;property_financial;protective_order;removal_remand;rico;sanctions_contempt;temporary_orders,260,CASE DOCS\04.03.24 - MOTION FOR EMERGENCY STAY-1.pdf
2024-04-03,,notice,appeal;associate_judge;custody;due_process;ex_parte;federal_court;hearing;injunction;jurisdiction;lockout_eviction;mandamus;notice;property_financial;protective_order;temporary_orders,52,CASE DOCS\04.03.24 - Notice of filing Original Proceeding-1.pdf
2024-04-04,,mandamus,appeal;associate_judge;child_support_oag;custody;due_process;ex_parte;federal_court;hearing;injunction;jurisdiction;lockout_eviction;mandamus;notice;property_financial;protective_order;temporary_orders,78,CASE DOCS\04.04.24 - 00149 MANDAMUS-1.pdf
2024-04-04,,notice,appeal;associate_judge;child_support_oag;custody;discovery;due_process;ex_parte;federal_court;fraud_perjury;hearing;injunction;jurisdiction;law_enforcement;lockout_eviction;mandamus;notice;property_financial;protective_order;removal_remand;sanctions_contempt;temporary_orders,332,CASE DOCS\04.04.24 NOTICE OF FILING ORIGINAL PROCEEDING-1.pdf
2024-04-04,,notice,appeal;associate_judge;child_support_oag;custody;discovery;due_process;ex_parte;federal_court;fraud_perjury;hearing;injunction;jurisdiction;law_enforcement;lockout_eviction;mandamus;notice;property_financial;protective_order;removal_remand;sanctions_contempt;temporary_orders,332,CASE DOCS\04.04.24 NOTICE OF FILING ORIGINAL PROCEEDING_compressed-1.pdf
2024-04-08,02-24-00149-CV,emergency;motion,appeal;associate_judge;child_support_oag;custody;discovery;due_process;ex_parte;federal_court;fraud_perjury;hearing;injunction;jurisdiction;law_enforcement;lockout_eviction;mandamus;notice;property_financial;protective_order;removal_remand;rico;sanctions_contempt;temporary_orders,260,CASE DOCS\04.08.24 - 02-24-00149-CV EMERGENCY MOTION TO STAY-1.pdf
2024-04-08,02-24-00149-CV,emergency;motion,appeal;associate_judge;child_support_oag;custody;discovery;due_process;ex_parte;federal_court;fraud_perjury;hearing;injunction;jurisdiction;law_enforcement;lockout_eviction;mandamus;notice;property_financial;protective_order;removal_remand;sanctions_contempt;temporary_orders,260,CASE DOCS\04.08.24 - 02-24-00149-CV EMERGENCY MOTION TO STAY_compressed-1.pdf
2024-04-08,02-24-00149-CV,mandamus,appeal;associate_judge;child_support_oag;custody;discovery;due_process;ex_parte;federal_court;fraud_perjury;hearing;injunction;jurisdiction;law_enforcement;lockout_eviction;mandamus;notice;property_financial;protective_order;removal_remand;rico;sanctions_contempt;temporary_orders,319,CASE DOCS\04.08.24 - 02-24-00149-CV MANDAMUS-1.pdf
2024-04-08,02-24-00149-CV,emergency;motion,appeal;associate_judge;child_support_oag;custody;discovery;due_process;ex_parte;federal_court;fraud_perjury;hearing;injunction;jurisdiction;law_enforcement;lockout_eviction;mandamus;notice;property_financial;protective_order;removal_remand;rico;sanctions_contempt;temporary_orders,260,CASE DOCS\04.08.24 - 02-24-00149-CV MOTION FOR EMERGENCY STAY-1.pdf
2024-04-08,,mandamus,appeal;associate_judge;child_support_oag;custody;discovery;due_process;ex_parte;federal_court;fraud_perjury;hearing;injunction;jurisdiction;law_enforcement;lockout_eviction;mandamus;notice;property_financial;protective_order;removal_remand;rico;sanctions_contempt;temporary_orders,319,CASE DOCS\04.08.24 - 2ND COA MANDAMUS-1.pdf
2024-04-08,,emergency,child_support_oag;custody;discovery;due_process;federal_court;fraud_perjury;hearing;jurisdiction;law_enforcement;lockout_eviction;notice;property_financial;protective_order;removal_remand;temporary_orders,13,CASE DOCS\04.08.24 - Emergency Stay-1.pdf
2024-04-08,,mandamus,appeal;federal_court;mandamus,1,CASE DOCS\04.08.24 - MANDAMUS RECEIPT-1.pdf
2024-04-08,,mandamus,appeal;federal_court;mandamus,2,CASE DOCS\04.08.24 - Mandamus Filed-1.pdf
2024-04-08,,mandamus,appeal;associate_judge;child_support_oag;custody;discovery;due_process;ex_parte;federal_court;hearing;injunction;jurisdiction;law_enforcement;lockout_eviction;mandamus;notice;property_financial;protective_order;removal_remand;temporary_orders,52,CASE DOCS\04.08.24 - Mandamus-1.pdf
2024-04-10,,mandamus,appeal;federal_court;mandamus,2,CASE DOCS\04.10.24 - MANDAMUS DENIAL-1.pdf
2024-04-10,,mandamus,appeal;federal_court;recusal,2,CASE DOCS\04.10.24 - Mandamus Denied (2nd CoA)-1.pdf
2024-04-18,02-24-00149-CV,hearing;motion,appeal;associate_judge;child_support_oag;custody;discovery;due_process;ex_parte;federal_court;fraud_perjury;hearing;injunction;jurisdiction;law_enforcement;lockout_eviction;mandamus;notice;property_financial;protective_order;removal_remand;sanctions_contempt;temporary_orders,255,CASE DOCS\04.18.24 - 02-24-00149-CV MOTION FOR REHEARING-1.pdf
2024-04-18,,hearing,appeal;associate_judge;custody;federal_court;hearing;law_enforcement;lockout_eviction;mandamus;notice;protective_order;temporary_orders,17,CASE DOCS\04.18.24 - 2ND COA REHEARING-1.pdf
2024-04-24,,motion,federal_court,4,CASE DOCS\04.24.2024_MOTION FOR PRETRIAL CONFERENCE-1.pdf
2024-04-24,,motion,federal_court,3,CASE DOCS\04.24.24 - MOTION FOR PT CONFERENCE-1-1.pdf
2024-04-24,,motion,federal_court,3,CASE DOCS\04.24.24 - MOTION FOR PT CONFERENCE-1.pdf
2024-04-24,,motion;objection,appeal;federal_court;hearing;mandamus;protective_order;sanctions_contempt,11,CASE DOCS\04.24.24 - OBJECTION TO MOTION FOR PRE-TRIAL-1.pdf
2024-04-24,,motion;objection,appeal;federal_court;hearing;mandamus;protective_order;sanctions_contempt,11,CASE DOCS\04.24.24 - OBJECTION TO MOTION FOR PRETRIAL CONFERENCE-1.pdf
2024-04-24,,objection,appeal;federal_court;hearing;mandamus;protective_order;sanctions_contempt,7,CASE DOCS\04.24.24 - Objection to Pretrial Conference-1.pdf
2024-04-24,,motion,federal_court,3,CASE DOCS\04.24.24 Motion for Pretrial Conference-1.pdf
2024-04-25,,appeal,appeal;federal_court;recusal,3,CASE DOCS\04.25.2024_CORRECTED CT APPEALS ORIG PROC PETMAND DENIED-1.pdf
2024-04-25,,hearing;order,appeal;federal_court;mandamus;notice,1,CASE DOCS\04.25.24 - COA ORDER REHEARING-1.pdf
2024-04-25,,mandamus,appeal;federal_court;recusal,2,CASE DOCS\04.25.24 - MANDAMUS RECEIPT CORRECTION-1.pdf
2024-04-25,,hearing,appeal;associate_judge;custody;federal_court;hearing;law_enforcement;lockout_eviction;mandamus;notice;protective_order;temporary_orders,19,CASE DOCS\04.25.24 - Rehearing Denied (2nd COA)-1.pdf
2024-04-26,02-24-00149-CV,motion,appeal;associate_judge;child_support_oag;custody;due_process;federal_court;hearing;jurisdiction;law_enforcement;mandamus;property_financial;protective_order;temporary_orders,15,CASE DOCS\04.26.24 - 02-24-00149-CV MOTION FOR EN BANC-1.pdf
2024-04-26,,motion,appeal;associate_judge;child_support_oag;custody;due_process;federal_court;hearing;jurisdiction;law_enforcement;mandamus;property_financial;protective_order;temporary_orders,15,CASE DOCS\04.26.24 - MOTION FOR EN BANC-1.pdf
2024-04-28,,hearing;motion,appeal;associate_judge;custody;federal_court;hearing;law_enforcement;lockout_eviction;mandamus;notice;protective_order;temporary_orders,17,CASE DOCS\04.28.24 - MOTION FOR REHEARING WITH APPENDIX-1.pdf
2024-04-30,,notice,custody;federal_court;notice;property_financial;protective_order,5,CASE DOCS\04.30.2024_NOTICE OF COMPLETION - CHARLES MYERS-1.pdf
2024-04-30,,notice,custody;federal_court;notice;property_financial;protective_order,5,CASE DOCS\04.30.24 - NOTICE OF COMPLETION-1.pdf
2024-04-30,,notice,custody,1,CASE DOCS\04.30.24 - Notice of Completion-1-1.pdf
2024-04-30,,notice,custody;federal_court;notice;property_financial;protective_order,5,CASE DOCS\04.30.24 - Notice of Completion-e077c7fc-1.pdf
2024-05-02,,hearing,appeal;associate_judge;child_support_oag;custody;due_process;federal_court;hearing;jurisdiction;law_enforcement;mandamus;notice;property_financial;protective_order;temporary_orders,17,CASE DOCS\05.02.2024_2ND COA ORD ORIG PROC MTNREHEARING DENIED-1.pdf
2024-05-06,,order,appeal;federal_court;notice;recusal,1,CASE DOCS\05.06.24 - ORDER OF ASSIGNMENT-1.pdf
2024-05-13,24-0395,mandamus,appeal;federal_court;mandamus,5,CASE DOCS\05.13.24 - 24-0395 MANDAMUS FILED POSTCARD-1.pdf
2024-05-13,,mandamus;petition,appeal;federal_court;mandamus,5,CASE DOCS\05.13.24 - PETITION MANDAMUS RECEIVED-1.pdf
2024-05-14,,notice,appeal;associate_judge;federal_court;hearing;jurisdiction;lockout_eviction;mandamus;notice;protective_order;temporary_orders,7,CASE DOCS\05.14.24 Notice of Clarification-1.pdf
2024-06-20,,motion,appeal;child_support_oag;custody;ex_parte;federal_court;hearing;jurisdiction;law_enforcement;lockout_eviction;mandamus;notice;property_financial;protective_order;removal_remand;temporary_orders,55,CASE DOCS\06.20.24 Motion to Sign-1.pdf
2024-06-20,,motion,custody;discovery;due_process;federal_court;jurisdiction;property_financial,4,CASE DOCS\06.20.24 Motion to Signx2-1.pdf
2024-06-23,,motion,appeal;civil_rights_1983;custody;discovery;federal_court;fraud_perjury;hearing;injunction;jurisdiction;lockout_eviction;notice;property_financial;protective_order;removal_remand;temporary_orders,15,CASE DOCS\06.23.24 - MOTION FOR JOINDER-1.pdf
2024-06-23,,motion,appeal;civil_rights_1983;custody;discovery;federal_court;fraud_perjury;hearing;injunction;jurisdiction;lockout_eviction;notice;property_financial;protective_order;removal_remand;temporary_orders,29,CASE DOCS\06.23.24 Motion for Joinder-1.pdf
2024-06-23,,objection,appeal;associate_judge;child_support_oag;custody;federal_court;hearing;jurisdiction;notice;property_financial;recusal;temporary_orders,23,CASE DOCS\06.23.24 Objection to Title IV-1.pdf
2024-06-24,,motion,appeal;civil_rights_1983;custody;discovery;federal_court;fraud_perjury;hearing;injunction;jurisdiction;lockout_eviction;notice;property_financial;protective_order;removal_remand;temporary_orders,31,CASE DOCS\06.24.24 - MOTION FOR JOINDER-1.pdf
2024-06-24,,motion,appeal;civil_rights_1983;custody;discovery;federal_court;fraud_perjury;hearing;injunction;jurisdiction;lockout_eviction;notice;property_financial;protective_order;removal_remand;temporary_orders,24,CASE DOCS\06.24.24 - Motion for Joinder-1-1.pdf
2024-06-30,,objection,appeal;associate_judge;child_support_oag;custody;federal_court;hearing;jurisdiction;notice;property_financial;recusal;temporary_orders,24,CASE DOCS\06.30.24 - OBJECTION TO TITLE IV INTERVENTION-1.pdf
2024-07-01,,objection,appeal;associate_judge;child_support_oag;custody;federal_court;hearing;jurisdiction;notice;property_financial;recusal;temporary_orders,24,CASE DOCS\07.01.24 - OBJECTION TO TITLE-IV INTERVENTION-1.pdf
2024-07-05,,petition,appeal;associate_judge;custody;discovery;due_process;federal_court;fraud_perjury;hearing;injunction;jurisdiction;lockout_eviction;mandamus;notice;property_financial;protective_order;temporary_orders,12,CASE DOCS\07.05.24 - SECOND AMENDED COUNTERPETITION FOR DIVORCE (2)-1.pdf
2024-09-10,,hearing,,0,CASE DOCS\09.10.2024_POST CARD SUP CT REHEARING PETMAND FILED-1.pdf
2024-09-10,24-0395,hearing;mandamus,appeal;associate_judge;child_support_oag;civil_rights_1983;custody;discovery;due_process;federal_court;fraud_perjury;hearing;injunction;jurisdiction;law_enforcement;lockout_eviction;mandamus;notice;property_financial;protective_order;removal_remand;sanctions_contempt;temporary_orders,83,CASE DOCS\09.10.24 - 24-0395 MANDAMUS REHEARING-1.pdf
2024-09-10,24-0395,hearing,appeal;federal_court;mandamus,5,CASE DOCS\09.10.24 - 24-0395 REHEARING FILED POSTCARD-1.pdf
2024-09-12,24-0395,hearing,appeal;associate_judge;child_support_oag;civil_rights_1983;custody;discovery;due_process;federal_court;fraud_perjury;hearing;injunction;jurisdiction;law_enforcement;lockout_eviction;mandamus;notice;property_financial;protective_order;removal_remand;sanctions_contempt;temporary_orders,83,CASE DOCS\09.12.24 24-0395 Rehearing-1.pdf
2024-09-16,,hearing;mandamus,child_support_oag;custody;discovery;federal_court;jurisdiction;law_enforcement;notice;property_financial;protective_order,11,CASE DOCS\09.16.2024_24-0395 REHEARING - SUPREME COURT MANDAMUS-1.pdf
2024-09-16,,hearing,,0,CASE DOCS\09.16.24 - 0395 First Amended Rehearing-1.pdf
2024-09-16,24-0395,hearing;motion,appeal;associate_judge;child_support_oag;civil_rights_1983;custody;discovery;due_process;federal_court;fraud_perjury;hearing;injunction;jurisdiction;law_enforcement;lockout_eviction;mandamus;notice;property_financial;protective_order;removal_remand;sanctions_contempt;temporary_orders,89,CASE DOCS\09.16.24 - 24-0395 First Amended Motion for Rehearing-1.pdf
2024-09-16,,mandamus,,0,CASE DOCS\09.16.24 - FIRST AMENDED MANDAMUS-1.pdf
2024-09-19,,discovery,child_support_oag;custody;discovery;federal_court;lockout_eviction;notice;property_financial;protective_order;removal_remand;temporary_orders,9,CASE DOCS\09.19.24 - REQUEST FOR DISCOVERY-1.pdf
2024-09-20,,order,,0,CASE DOCS\09.20.24 - Proposed Order on Rule 12-1.pdf
2024-09-20,,motion,appeal;federal_court;hearing;law_enforcement;notice;sanctions_contempt,7,CASE DOCS\09.20.24 - RULE 12 MOTION-1.pdf
2024-09-20,,order,federal_court,2,CASE DOCS\09.20.24 - Rule 12 Order-1.pdf
2024-09-20,,motion;order,federal_court,2,CASE DOCS\09.20.24 - rule 12 motion order_DA9BD973-1.pdf
2024-09-20,,motion,,0,CASE DOCS\09.20.24 Rule 12 Motion-1.pdf
2024-09-26,,motion;order,federal_court;notice;temporary_orders,2,CASE DOCS\09.26.2024_PROPOSED ORDER ON MOTION FOR TEMPORARY ORDERS-1.pdf
2024-09-26,,emergency;motion;order,appeal;associate_judge;custody;due_process;ex_parte;federal_court;fraud_perjury;hearing;law_enforcement;lockout_eviction;notice;property_financial;protective_order;temporary_orders,19,CASE DOCS\09.26.24 - Emergency Motion for Temp Orders-1.pdf
2024-09-27,,motion;order,,0,CASE DOCS\09.27.2024_1ST AMENDED MOTION FOR TEMPORARY ORDERS-1.pdf
2024-09-27,,motion;order,appeal;associate_judge;custody;due_process;ex_parte;federal_court;fraud_perjury;hearing;law_enforcement;lockout_eviction;notice;property_financial;protective_order;temporary_orders,37,CASE DOCS\09.27.24 - FIRST AMENDED MOTION FOR TEMPORARY ORDERS-1.pdf
2024-10-07,,motion,,0,CASE DOCS\10.07.2024_JOINT MOTION TO RECUSE-1.pdf
2024-10-07,,motion,appeal;associate_judge;child_support_oag;custody;discovery;due_process;ex_parte;federal_court;fraud_perjury;hearing;injunction;jurisdiction;law_enforcement;lockout_eviction;mandamus;notice;property_financial;protective_order;recusal;removal_remand;sanctions_contempt;temporary_orders,150,CASE DOCS\10.07.24 - JOINT MOTION TO RECUSE (2)_compressed-1.pdf
2024-10-07,,motion,,0,CASE DOCS\10.07.24 - JOINT MOTION TO RECUSE-1.pdf
2024-10-07,,motion,,0,CASE DOCS\10.07.24 - JOINT MOTION TO RECUSE-61cebd80-1.pdf
2024-10-07,,motion,,0,CASE DOCS\10.07.24 JOINT MOTION TO RECUSE-1.pdf
2024-10-08,,order,,0,CASE DOCS\10.08.2024_ORDER OF REFERRAL-1.pdf
2024-10-08,,order,appeal;associate_judge;child_support_oag;custody;discovery;due_process;federal_court;hearing;injunction;law_enforcement;lockout_eviction;mandamus;notice;property_financial;protective_order;recusal;sanctions_contempt;temporary_orders,21,CASE DOCS\10.08.24 Order of Referral Munford-1.pdf
2024-10-09,,notice,,0,CASE DOCS\10.09.2024_NOTICE-1.pdf
2024-10-09,,order,,0,CASE DOCS\10.09.24 - Amended Order of Referral-1.pdf
2024-10-09,,notice,appeal;associate_judge;child_support_oag;custody;discovery;ex_parte;federal_court;hearing;injunction;jurisdiction;mandamus;notice;property_financial;protective_order;recusal,31,CASE DOCS\10.09.24 - NOTICE-1.pdf
2024-10-09,,order,appeal;associate_judge;child_support_oag;custody;discovery;due_process;federal_court;hearing;injunction;law_enforcement;lockout_eviction;mandamus;notice;property_financial;protective_order;recusal;sanctions_contempt;temporary_orders,22,CASE DOCS\10.09.24 - ORDER OF REFERRAL MUNFORD-1.pdf
2024-10-10,,objection,appeal;associate_judge;child_support_oag;custody;federal_court;hearing;mandamus;notice;recusal,13,CASE DOCS\10.10.2024_OBJECTION-1.pdf
2024-10-10,,order,appeal;associate_judge;child_support_oag;custody;discovery;due_process;ex_parte;federal_court;fraud_perjury;hearing;injunction;jurisdiction;law_enforcement;lockout_eviction;mandamus;notice;property_financial;protective_order;recusal;removal_remand;sanctions_contempt;temporary_orders,152,CASE DOCS\10.10.24 - AMENDED ORDER OF REFERRAL (CERTIFIED)-1.pdf
2024-10-10,,recusal,associate_judge;recusal,1,CASE DOCS\10.10.24 - Kaitcer Correspondence RECUSAL-1.pdf
2024-10-10,,objection,,0,CASE DOCS\10.10.24 - OBJECTION AND REQUEST-1.pdf
2024-10-10,,objection,appeal;associate_judge;child_support_oag;custody;federal_court;hearing;mandamus;notice;recusal,11,CASE DOCS\10.10.24 - OBJECTION-1.pdf
2024-10-10,,order,appeal;associate_judge;child_support_oag;custody;discovery;due_process;ex_parte;federal_court;fraud_perjury;hearing;injunction;jurisdiction;law_enforcement;lockout_eviction;mandamus;notice;property_financial;protective_order;recusal;removal_remand;sanctions_contempt;temporary_orders,151,CASE DOCS\10.10.24 - ORDER OF REFERRAL KAITCER-1.pdf
2024-10-11,,order,associate_judge;federal_court;recusal,8,CASE DOCS\10.11.24 - Order of Referral (Kaitcer)-1.pdf
2024-10-18,24-0395,hearing,appeal;federal_court;mandamus,6,CASE DOCS\10.18.24 - Rehearing Denied (24-0395)-1.pdf
2024-10-18,,hearing,appeal;federal_court;mandamus,5,CASE DOCS\10.18.24 - SUP. CT REHEARING DENIAL-1.pdf
2024-10-21,,hearing;order,,0,CASE DOCS\10.21.2024_ORDER SET VIDEO CONF HEARING-1.pdf
2024-10-21,,hearing;order,federal_court;hearing;recusal,1,CASE DOCS\10.21.24 - ORDER SETTING VIDEOCONFERENCE HEARING-1.pdf
2024-10-22,,hearing;order,hearing;recusal,1,CASE DOCS\10.22.24 Order Setting Video Hearing-1.pdf
2024-10-23,,order,associate_judge;recusal,2,CASE DOCS\10.23.24 - Kaitcer order of Referral-1.pdf
2024-10-24,,affidavit;recusal,federal_court;property_financial;protective_order;temporary_orders,3,CASE DOCS\10.24.2024_EXHIBIT 6 - Affidavit of Steve Myers for recusal proceedings-1.pdf
2024-10-24,,affidavit,federal_court;property_financial;protective_order;temporary_orders,2,CASE DOCS\10.24.24 - Steve Myers Affidavit-1.pdf
2024-10-24,,affidavit,,1,CASE DOCS\10.24.24 - baker ignores AFFIDAVIt-1.pdf
2024-10-28,,hearing,federal_court;hearing;recusal,3,CASE DOCS\10.28.24 - ORD SETTING VIDEO HEARING-1.pdf
2024-10-28,,recusal,associate_judge;custody;discovery;hearing;lockout_eviction;notice;recusal;temporary_orders,2,CASE DOCS\10.28.24 - RECUSAL EXHIBITS TO BE ADMITTED-1.pdf
2024-10-29,,order,,0,CASE DOCS\10.29.24 - Order of Assignment by David Evans-1.pdf
2024-11-01,,order,,0,CASE DOCS\11.01.2024_ORDER OF ASSIGNMENT BY THE PRESIDING JUDGE-1.pdf
2024-11-01,,order,appeal;federal_court;notice;recusal,2,CASE DOCS\11.01.24 - ORDER OF ASSIGNMENT-1.pdf
2024-11-04,,motion,,0,CASE DOCS\11.04.2024_PRE TRIAL MOTION IN LIMINE-1.pdf
2024-11-04,,motion;order,federal_court;notice,2,CASE DOCS\11.04.24 - PROPOSED ORDER ON MOTION IN LIMINE-1.pdf
2024-11-04,,motion;order,,0,CASE DOCS\11.04.24 - Proposed Order on Motion in Limine-1-1.pdf
2024-11-07,,recusal,hearing;notice;recusal,1,CASE DOCS\11.07.2024_COOPER AGREES TO RESET THE RECUSAL PROCEEDINGS-1.pdf
2024-11-07,,emergency,child_support_oag;federal_court;hearing;notice;recusal,4,CASE DOCS\11.07.2024_FATHER INFORMS THE COURT OF EMERGENCY-1.pdf
2024-11-07,,recusal,federal_court;recusal,1,CASE DOCS\11.07.24 - RECUSAL DENIAL - JUSTICE GABRIEL-1.pdf
2024-11-07,,recusal,,0,CASE DOCS\11.07.24 - RECUSAL DENIAL-1.pdf
2024-11-07,,recusal,hearing;notice;recusal,2,CASE DOCS\11.07.24 - Recusal Reset Agree-1.pdf
2024-11-10,,motion,appeal;associate_judge;child_support_oag;custody;discovery;due_process;ex_parte;federal_court;fraud_perjury;hearing;jurisdiction;law_enforcement;lockout_eviction;mandamus;notice;property_financial;protective_order;recusal;removal_remand;temporary_orders,87,CASE DOCS\11.10.24 - MOTIONTOENTERJUDGEMENT_Redacted-1.pdf
2024-11-11,,motion,appeal;associate_judge;child_support_oag;custody;due_process;ex_parte;federal_court;fraud_perjury;hearing;jurisdiction;law_enforcement;lockout_eviction;mandamus;notice;property_financial;protective_order;recusal;removal_remand;temporary_orders,42,CASE DOCS\11.11.2024_MOTION TO ENTER JUDGMENT-1.pdf
2024-11-11,,motion;order,,1,CASE DOCS\11.11.2024_PROPOSED ORDER ON MOTION TO ENTER JUDGEMENT-1.pdf
2024-11-11,,motion,appeal;associate_judge;child_support_oag;custody;discovery;due_process;ex_parte;federal_court;fraud_perjury;hearing;jurisdiction;law_enforcement;lockout_eviction;mandamus;notice;property_financial;protective_order;recusal;removal_remand;temporary_orders,36,CASE DOCS\11.11.24 - MOTION TO ENTER JUDGMENT-1.pdf
2024-11-11,,motion;order,federal_court;notice,2,CASE DOCS\11.11.24 - ORDER ON MOTION TO ENTER JUDGMENT-1.pdf
2024-11-12,,notice,appeal;associate_judge;child_support_oag;custody;discovery;due_process;federal_court;fraud_perjury;hearing;jurisdiction;lockout_eviction;notice;property_financial;recusal;removal_remand;temporary_orders,30,CASE DOCS\11.12.24 - NOTICE OF INTENT TO REMOVE-1.pdf
2024-11-13,,notice,appeal;child_support_oag;custody;discovery;due_process;federal_court;fraud_perjury;hearing;jurisdiction;lockout_eviction;notice;property_financial;recusal;removal_remand;temporary_orders,22,CASE DOCS\11.13.2024_NOTICE OF INTENT TO REMOVE-1.pdf
2024-11-13,,notice,appeal;associate_judge;child_support_oag;custody;discovery;due_process;federal_court;fraud_perjury;hearing;jurisdiction;lockout_eviction;notice;property_financial;recusal;removal_remand;temporary_orders,31,CASE DOCS\11.13.24 - NOTICE OF INTENT TO REMOVE-1.pdf
2024-11-15,,discovery;motion,child_support_oag;custody;discovery;federal_court;lockout_eviction;notice;property_financial;protective_order;removal_remand;temporary_orders,21,CASE DOCS\11.15.2024_MOTION TO COMPEL DISCOVERY-1.pdf
2024-11-15,,discovery;motion;order,discovery;federal_court;notice,3,CASE DOCS\11.15.2024_PROPOSED ORDER ON MOTION TO COMPEL DISCOVERY-1.pdf
2024-11-15,,discovery;motion,child_support_oag;custody;discovery;federal_court;lockout_eviction;notice;property_financial;protective_order;removal_remand;temporary_orders,20,CASE DOCS\11.15.24 - MOTION TO COMPEL DISCOVERY-1.pdf
2024-11-15,,discovery;order,discovery;federal_court;notice,2,CASE DOCS\11.15.24 - Prop. Order Compel Discovery-1.pdf
2024-11-19,,motion;order,federal_court;recusal,3,CASE DOCS\11.19.2024_ORDER DENYING JOINT MOTION TO RECUSE JUDGE MUNFORD-1.pdf
2024-11-24,,order,appeal;associate_judge;custody;discovery;due_process;federal_court;fraud_perjury;hearing;injunction;jurisdiction;law_enforcement;mandamus;notice;property_financial;recusal;rico,17,CASE DOCS\11.24.24 - ORDER OF REFERRAL-1.pdf
2024-12-02,,notice;removal,appeal;child_support_oag;custody;discovery;due_process;federal_court;fraud_perjury;hearing;injunction;jurisdiction;law_enforcement;lockout_eviction;mandamus;notice;property_financial;protective_order;removal_remand;temporary_orders,20,CASE DOCS\12.02.2024_NOTICE OF REMOVAL TO THE ND OF TEXAS-1.pdf
2024-12-02,,notice;removal,appeal;child_support_oag;custody;discovery;due_process;federal_court;fraud_perjury;hearing;injunction;jurisdiction;law_enforcement;lockout_eviction;mandamus;notice;property_financial;protective_order;removal_remand;temporary_orders,20,CASE DOCS\12.02.24 - NOTICE OF REMOVAL NORTHERN TEXAS.pdf
2024-12-02,,notice;removal,appeal;child_support_oag;custody;discovery;due_process;federal_court;fraud_perjury;hearing;injunction;jurisdiction;law_enforcement;lockout_eviction;notice;property_financial;protective_order;removal_remand;temporary_orders,14,CASE DOCS\12.02.24 - NOTICE OF REMOVAL-1.pdf
2024-12-04,,notice;removal,appeal;child_support_oag;custody;discovery;due_process;federal_court;fraud_perjury;hearing;injunction;jurisdiction;lockout_eviction;notice;property_financial;protective_order;recusal;removal_remand;temporary_orders,11,CASE DOCS\12.04.2024 Notice of Removal-1.pdf
2024-12-06,24-CV-01185-O,order;remand,custody;federal_court;jurisdiction;notice;property_financial;removal_remand,2,CASE DOCS\12.06.24 - 24-CV-01185-O REMAND ORDER-1.pdf
2024-12-06,,order;remand,federal_court;removal_remand,1,CASE DOCS\12.06.24 - CERTIFIED COPY OF ORDER REMAND-1.pdf
2024-12-13,,notice,appeal;child_support_oag;custody;federal_court;fraud_perjury;jurisdiction;mandamus;notice;property_financial;protective_order;removal_remand;temporary_orders,20,CASE DOCS\12.13.24 - Notice of Related Case-1.pdf
2024-12-31,,notice,appeal;child_support_oag;custody;federal_court;fraud_perjury;notice;property_financial;protective_order,4,CASE DOCS\12.31.24 - NOTICE OF RELATED CASE-1.pdf
2025-02-09,,order,child_support_oag;custody;federal_court,2,CASE DOCS\02.09.25 - Exhibit B.3 MUNFORD ILLEGAL ORDER-1.pdf
2025-02-10,,emergency;order,appeal;associate_judge;child_support_oag;custody;discovery;due_process;ex_parte;federal_court;fraud_perjury;hearing;injunction;jurisdiction;law_enforcement;lockout_eviction;mandamus;notice;property_financial;protective_order;recusal;removal_remand;sanctions_contempt;temporary_orders,109,CASE DOCS\02.10.25 - EMERGENCY EX-PARTE ORDER-1.pdf
2025-02-20,,motion,associate_judge;child_support_oag;custody;discovery;federal_court;fraud_perjury;hearing;injunction;jurisdiction;lockout_eviction;notice;property_financial;protective_order;recusal;removal_remand;sanctions_contempt;temporary_orders,20,CASE DOCS\02.20.25 - MOTION TO SIGN-1-1.pdf
2025-02-20,,motion,associate_judge;child_support_oag;custody;discovery;federal_court;fraud_perjury;hearing;injunction;jurisdiction;lockout_eviction;notice;property_financial;protective_order;recusal;removal_remand;sanctions_contempt;temporary_orders,19,CASE DOCS\02.20.25 - MOTION TO SIGN-1.pdf
2025-02-24,,notice;objection,appeal;associate_judge;custody;due_process;federal_court;hearing;injunction;law_enforcement;notice;property_financial;recusal;sanctions_contempt,19,CASE DOCS\02.24.25 - OBJECTION AND REQUEST FOR JUDICIAL NOTICE-1.pdf
2025-02-25,,motion,associate_judge;child_support_oag;custody;discovery;federal_court;fraud_perjury;hearing;injunction;jurisdiction;lockout_eviction;notice;property_financial;protective_order;recusal;removal_remand;sanctions_contempt;temporary_orders,21,CASE DOCS\02.25.2025_MOTION TO SIGN-1.pdf
2025-02-25,,notice;objection,appeal;associate_judge;custody;due_process;federal_court;hearing;injunction;law_enforcement;notice;property_financial;recusal;sanctions_contempt,19,CASE DOCS\02.25.2025_OBJECTION AND REQUEST FOR JUDICIAL NOTICE-1.pdf
2025-02-25,,notice,child_support_oag;federal_court;fraud_perjury;notice;property_financial;temporary_orders,6,CASE DOCS\02.25.25 - Notice Loss of Employmnet-1.pdf
2025-02-25,,motion;order,federal_court;notice,2,CASE DOCS\02.25.25 - Proposed Order on Motion to Sign-1.pdf
2025-02-26,,motion,appeal;custody;discovery;due_process;federal_court;hearing;law_enforcement;lockout_eviction;property_financial;protective_order;recusal;removal_remand;temporary_orders,3,CASE DOCS\02.26.25 - UNOPPOSED MOTIONS-1.pdf
2025-03-05,,notice,associate_judge;custody;due_process;federal_court;fraud_perjury;hearing;jurisdiction;law_enforcement;lockout_eviction;notice;property_financial;protective_order;removal_remand;temporary_orders,8,CASE DOCS\03.05.2025 NOTICE - WATAUGA POLICE DEPT.-1.pdf
2025-03-06,,motion;order,federal_court;jurisdiction;notice,2,CASE DOCS\03.06.2025_PROPOSED ORDER ON UNOPPOSED MOTION TO DISMISS FOR LACK OF JURISDICTION-1.pdf
2025-03-06,,motion,federal_court;hearing;jurisdiction;notice;recusal;removal_remand,5,CASE DOCS\03.06.2025_UNOPPOSED MOTION TO DISMISS FOR LACK OF JURISDICTION-1.pdf
2025-03-06,,motion,federal_court;hearing;jurisdiction;notice;recusal;removal_remand,4,CASE DOCS\03.06.25 - UNOPPOSED MOTION FOR LACK OF JURIS-1.pdf
2025-03-11,,notice,child_support_oag;custody;discovery;due_process;federal_court;fraud_perjury;hearing;jurisdiction;law_enforcement;mandamus;notice;property_financial;protective_order;recusal;removal_remand;temporary_orders,14,CASE DOCS\03.11.2025_NOTICE OF CONTINUED OBSTRUCTION-1.pdf
2025-03-11,,notice,child_support_oag;custody;discovery;due_process;federal_court;fraud_perjury;hearing;jurisdiction;law_enforcement;mandamus;notice;property_financial;protective_order;recusal;removal_remand;temporary_orders,12,CASE DOCS\03.11.25 - NOTICE OF CONTINUED OBSTRUCTION-1.pdf
2025-03-12,,notice,child_support_oag;custody;discovery;due_process;federal_court;fraud_perjury;hearing;jurisdiction;law_enforcement;mandamus;notice;property_financial;protective_order;recusal;removal_remand;temporary_orders,13,CASE DOCS\03.12.25 - NOTICE OF CONTINUED OBSTRUCTION-1.pdf
2025-03-12,,motion,child_support_oag;custody;discovery;due_process;federal_court;fraud_perjury;hearing;law_enforcement;lockout_eviction;notice;property_financial;protective_order;removal_remand;sanctions_contempt;temporary_orders,30,CASE DOCS\03.12.25 - REQUEST TO SET UN-OPPOSED SUMMARY JUDGMENT AND UN-OPPOSED RULE 12 MOTIONS FOR SUBMISSION-1.pdf
2025-03-14,,notice,associate_judge;child_support_oag;custody;federal_court;fraud_perjury;hearing;lockout_eviction;notice;property_financial;protective_order;temporary_orders,13,CASE DOCS\03.14.2025_NOTICE OF SUBMISSION-1.pdf
2025-03-14,,notice,appeal;child_support_oag;custody;due_process;federal_court;notice;recusal,8,CASE DOCS\03.14.25 - Notice of UNOPPOSED DWOP-1.pdf
2025-03-17,,notice,associate_judge;child_support_oag;custody;federal_court;fraud_perjury;hearing;lockout_eviction;notice;property_financial;protective_order;temporary_orders,12,CASE DOCS\03.17.25 - NOTICE OF SUBMISSION-1.pdf
2025-03-18,,emergency,appeal;associate_judge;child_support_oag;custody;discovery;due_process;ex_parte;federal_court;fraud_perjury;hearing;injunction;jurisdiction;law_enforcement;lockout_eviction;notice;property_financial;protective_order;removal_remand;sanctions_contempt;temporary_orders,119,CASE DOCS\03.18.25 - APPLICATION FOR EMERGENCY TRO-1.pdf
2025-03-18,,petition,child_support_oag;custody;discovery;federal_court;jurisdiction;law_enforcement;notice;property_financial;protective_order,11,CASE DOCS\03.18.25 - SAPCR PETITION-1.pdf
2025-03-20,,motion,federal_court,4,CASE DOCS\03.20.2025_233-765358-25 - MOTION TO CONSOLIDATE-1.pdf
2025-03-20,,emergency;motion,appeal;associate_judge;civil_rights_1983;custody;federal_court;fraud_perjury;hearing;jurisdiction;law_enforcement;lockout_eviction;mandamus;notice;property_financial;sanctions_contempt;temporary_orders,9,CASE DOCS\03.20.2025_233-765358-25 EMERGENCY EX-PARTE MOTION TODECLARE JUDGMENT VOID AB INITIO AND FOR IMMEDIATE RE-ENTRY-1.pdf
2025-03-20,,motion,custody;federal_court;law_enforcement;notice,10,CASE DOCS\03.20.2025_233-765358-25 MOTION TO STRIKE RESPONDENTS ANSWER AND MOTION TO CONSOLIDATE-1.pdf
2025-03-20,,motion,federal_court,3,CASE DOCS\03.20.25 - MOTION TO CONSOL-1.pdf
2025-03-20,,motion,custody;federal_court;law_enforcement;notice,9,CASE DOCS\03.20.25 - MOTION TO STRIKE-1.pdf
2025-03-20,,motion,appeal;associate_judge;child_support_oag;civil_rights_1983;custody;discovery;due_process;ex_parte;federal_court;fraud_perjury;hearing;injunction;jurisdiction;law_enforcement;lockout_eviction;mandamus;notice;property_financial;protective_order;recusal;removal_remand;sanctions_contempt;temporary_orders,331,CASE DOCS\03.20.25 - Motion to Strike Carter's Answer and Consolidation-1.pdf
2025-03-20,,order,federal_court,2,CASE DOCS\03.20.25 - PROP. ORDER ON CONSOL-1.pdf
2025-03-20,,emergency;motion,appeal;associate_judge;child_support_oag;civil_rights_1983;custody;federal_court;fraud_perjury;hearing;injunction;jurisdiction;law_enforcement;lockout_eviction;mandamus;notice;property_financial;protective_order;sanctions_contempt;temporary_orders,47,CASE DOCS\03.20.25 EMERGENCY EX-PARTE MOTION TO-1.pdf
2025-03-21,,motion,appeal;custody;discovery;ex_parte;federal_court;fraud_perjury;hearing;notice,10,CASE DOCS\03.21.25 - 233rd Rule 12 Motion-1.pdf
2025-03-21,,notice,custody;injunction;notice;property_financial;temporary_orders,1,CASE DOCS\03.21.25 - Gmail - Notice of Temporary EX-Parte TRO-1.pdf
2025-03-21,,motion;petition,appeal;custody;discovery;ex_parte;federal_court;fraud_perjury;hearing;notice,10,CASE DOCS\03.21.25 - PETITIONER'S RULE 12 MOTION TO SHOW AUTHORITY-1.pdf
2025-03-21,,motion,appeal;custody;discovery;ex_parte;federal_court;fraud_perjury;hearing;notice,14,CASE DOCS\03.21.25 - Rule 12 Motion (233)-1.pdf
2025-03-24,,emergency;hearing;order,appeal;associate_judge;child_support_oag;custody;discovery;due_process;ex_parte;federal_court;fraud_perjury;hearing;injunction;jurisdiction;law_enforcement;lockout_eviction;mandamus;notice;property_financial;protective_order;recusal;removal_remand;sanctions_contempt;temporary_orders,65,CASE DOCS\03.24.2025_233-765358-25 EMERGENCY TRO AND ORDER SETTING HEARING-1.pdf
2025-03-24,,emergency;hearing,federal_court;hearing;notice,2,CASE DOCS\03.24.25 - 233 REQUEST TO SET EMERGENCY HEARING ON SUBMISSION-1.pdf
2025-03-24,,motion,appeal;federal_court;hearing;jurisdiction;notice;removal_remand,3,CASE DOCS\03.24.25 - Cooper Carter Trying to Set Consolidation Motion-1.pdf
2025-03-24,,emergency,appeal;associate_judge;custody;discovery;ex_parte;federal_court;fraud_perjury;hearing;injunction;jurisdiction;law_enforcement;lockout_eviction;mandamus;notice;property_financial;protective_order;recusal;removal_remand;sanctions_contempt;temporary_orders,25,CASE DOCS\03.24.25 - EMERGENCY EX-PARTE TRO-1.pdf
2025-03-24,,hearing,federal_court;hearing,2,CASE DOCS\03.24.25 - NO HEARING REQUIRED COORDINATOR-1.pdf
2025-03-24,,hearing,appeal;jurisdiction;notice;removal_remand,1,CASE DOCS\03.24.25 - OBJ TO MANDATORY HEARING-1.pdf
2025-03-24,,order,custody;ex_parte;federal_court;hearing;injunction;lockout_eviction;notice;property_financial;removal_remand;sanctions_contempt;temporary_orders,5,CASE DOCS\03.24.25 - PROPOSED ORDER TRO-1.pdf
2025-03-24,,objection;petition,appeal;custody;federal_court;fraud_perjury;jurisdiction;mandamus;notice;removal_remand;temporary_orders,9,CASE DOCS\03.24.25 - Petitioner's Objection to Consolidation (233)-1.pdf
2025-03-26,,emergency,injunction;notice,5,CASE DOCS\03.26.25 - EMAIL REGARDING EMERGENCY TRO PRESENTATION-1.pdf
2025-03-28,,hearing,federal_court;hearing;injunction,4,CASE DOCS\03.28.25 - 233RD HEARING DATES-1.pdf
2025-03-28,,notice,appeal;associate_judge;due_process;ex_parte;federal_court;hearing;injunction;jurisdiction;law_enforcement;notice;removal_remand;sanctions_contempt,12,CASE DOCS\03.28.25 - Notice of Legal Clarification-1.pdf
2025-03-31,,petition,associate_judge;due_process;federal_court;hearing;injunction;jurisdiction;law_enforcement;notice;property_financial;removal_remand;sanctions_contempt,6,CASE DOCS\03.31.25 - PETITIONER'S REQUEST FOR DECLARATORY JUDGMENT (2)-1.pdf
2025-03-31,,petition,appeal;associate_judge;child_support_oag;custody;discovery;due_process;federal_court;fraud_perjury;hearing;injunction;jurisdiction;law_enforcement;notice;property_financial;protective_order;recusal;removal_remand;sanctions_contempt;temporary_orders,34,CASE DOCS\03.31.25 - PETITIONER'S STATEMENT-1.pdf
2025-03-31,,petition,associate_judge;due_process;federal_court;hearing;injunction;jurisdiction;law_enforcement;notice;property_financial;removal_remand;sanctions_contempt,8,CASE DOCS\03.31.25 - Petitioners Statement-1.pdf
2025-04-01,,petition,associate_judge;due_process;federal_court;hearing;injunction;jurisdiction;law_enforcement;notice;property_financial;removal_remand;sanctions_contempt,9,CASE DOCS\04.01.2025_233-765358-25 PETITIONERS STATEMENT-1.pdf
2025-04-01,,objection,appeal;associate_judge;child_support_oag;custody;discovery;due_process;federal_court;fraud_perjury;hearing;injunction;jurisdiction;law_enforcement;lockout_eviction;mandamus;notice;property_financial;removal_remand;sanctions_contempt,27,CASE DOCS\04.01.2025_RESPONDENTS PRE-OBJECTION TO CONSOLIDATION-1.pdf
2025-04-01,,petition,appeal;associate_judge;child_support_oag;civil_rights_1983;custody;discovery;due_process;federal_court;fraud_perjury;hearing;injunction;jurisdiction;law_enforcement;lockout_eviction;mandamus;notice;property_financial;protective_order;recusal;removal_remand;sanctions_contempt;temporary_orders,75,CASE DOCS\04.01.25 - Petitioner's Statement (233)-1.pdf
2025-04-02,,notice;petition,custody;federal_court;fraud_perjury;notice;property_financial;protective_order;removal_remand,8,CASE DOCS\04.02.2025 - petitioner's notice-1.pdf
2025-04-02,,notice;petition,custody;federal_court;fraud_perjury;notice;property_financial;protective_order;removal_remand,10,CASE DOCS\04.02.2025_233-765358-25 - PETITIONERS NOTICE-1.pdf
2025-04-02,,notice;petition,custody;federal_court;fraud_perjury;notice;property_financial;protective_order;removal_remand,9,CASE DOCS\04.02.25 - PETITIONER'S notice-1.pdf
2025-04-02,,notice;petition,appeal;associate_judge;child_support_oag;custody;discovery;due_process;ex_parte;federal_court;fraud_perjury;hearing;injunction;jurisdiction;law_enforcement;lockout_eviction;mandamus;notice;property_financial;protective_order;recusal;removal_remand;sanctions_contempt;temporary_orders,371,CASE DOCS\04.02.25 - Petitioner's Notice (233)-1.pdf
2025-04-03,,motion,appeal;associate_judge;child_support_oag;custody;federal_court;fraud_perjury;hearing;injunction;jurisdiction;law_enforcement;mandamus;notice;property_financial;recusal;temporary_orders,26,CASE DOCS\04.03.2025_MOTION TO CONSOLIDATE 322-1.pdf
2025-04-03,,objection,federal_court,3,CASE DOCS\04.03.25 - OBJECTION TO CONSOLIDATION FILED BY UNNAMED PARTY-1.pdf
2025-04-04,,objection;petition;transfer,associate_judge;due_process;federal_court;jurisdiction,4,CASE DOCS\04.04.2025_233-765358-25 PETITIONERS PRE-OBJECTION TO TRANSFER-1.pdf
2025-04-04,,notice,associate_judge;child_support_oag;due_process;federal_court;notice;property_financial,6,CASE DOCS\04.04.2025_RESPONDENTS NOTICE OF NEW INFORMATION-1.pdf
2025-04-04,,emergency;notice,federal_court;jurisdiction;notice,5,CASE DOCS\04.04.25 - EMERGENCY NOTICE-1.pdf
2025-04-04,,motion,federal_court;hearing;jurisdiction;notice,5,CASE DOCS\04.04.25 - Motion to Consol Set-1.pdf
2025-04-04,,notice,associate_judge;child_support_oag;due_process;federal_court;notice;property_financial,5,CASE DOCS\04.04.25 - NOTICE OF NEW INFO-1.pdf
2025-04-04,,objection;transfer,associate_judge;due_process;federal_court;jurisdiction,2,CASE DOCS\04.04.25 - PRE-OBJECTION TO TRANSFER-1.pdf
2025-04-04,,objection;transfer,associate_judge;due_process;federal_court;jurisdiction,3,CASE DOCS\04.04.25 - PRE-OBJECTION TO TRANSFER-e62ddee6-1.pdf
2025-04-04,,hearing,federal_court;hearing;jurisdiction;notice,5,CASE DOCS\04.04.25 - lindsey cooper SETTING IMPROPER HEARING-1.pdf
2025-04-07,,mandamus;notice;petition,appeal;associate_judge;child_support_oag;custody;federal_court;fraud_perjury;hearing;injunction;jurisdiction;law_enforcement;mandamus;notice;property_financial;temporary_orders,19,CASE DOCS\04.07.2025_233-765358-25 PETITIONERS NOTICE OF INTENT TO FILE MANDAMUS-1.pdf
2025-04-07,,notice,appeal;associate_judge;child_support_oag;federal_court;hearing;injunction;jurisdiction;law_enforcement;mandamus;notice;property_financial;temporary_orders,14,CASE DOCS\04.07.2025_RESPONDENTS NOTICE OF INTENT TO FILE PROHIBITION-1.pdf
2025-04-07,,motion,appeal;associate_judge;custody;due_process;ex_parte;federal_court;hearing;injunction;jurisdiction;lockout_eviction;mandamus;notice;property_financial;protective_order;sanctions_contempt;temporary_orders,28,CASE DOCS\04.07.25 - MOTION TO VACATE-1.pdf
2025-04-07,,mandamus;notice,appeal;associate_judge;child_support_oag;custody;federal_court;fraud_perjury;hearing;injunction;jurisdiction;law_enforcement;mandamus;notice;property_financial;temporary_orders,17,CASE DOCS\04.07.25 - NOTICE - INTENT TO FILE MANDAMUS-1.pdf
2025-04-07,,notice,appeal;associate_judge;child_support_oag;federal_court;hearing;injunction;jurisdiction;law_enforcement;mandamus;notice;property_financial;temporary_orders,13,CASE DOCS\04.07.25 - NOTICE OF INTENT TO FILE WRIT OF PROHIBITION-1.pdf
2025-04-07,,notice,appeal;associate_judge;child_support_oag;custody;discovery;due_process;ex_parte;federal_court;fraud_perjury;hearing;injunction;jurisdiction;law_enforcement;lockout_eviction;mandamus;notice;property_financial;protective_order;sanctions_contempt;temporary_orders,96,CASE DOCS\04.07.25 - Respondent's Notice of Intent to File Prohibition-1.pdf
2025-04-08,,motion,appeal;associate_judge;child_support_oag;custody;discovery;due_process;ex_parte;federal_court;fraud_perjury;hearing;injunction;jurisdiction;law_enforcement;lockout_eviction;mandamus;notice;property_financial;protective_order;recusal;removal_remand;sanctions_contempt;temporary_orders,121,CASE DOCS\04.08.25 - FIRST AMENDED MOTION TO RECUSE-1.pdf
2025-04-08,,notice,appeal;custody;due_process;federal_court;hearing;injunction;jurisdiction;mandamus;notice;property_financial;removal_remand;temporary_orders,27,CASE DOCS\04.08.25 - NOTICE OF INCLUSION-1.pdf
2025-04-09,,notice,notice,1,CASE DOCS\04.09.25 - FILING RETURNED - NOTICE OF INCLUSION-1.pdf
2025-04-10,02-25-00164-CV,mandamus;record,appeal;associate_judge;child_support_oag;custody;discovery;due_process;ex_parte;federal_court;fraud_perjury;hearing;injunction;jurisdiction;law_enforcement;lockout_eviction;mandamus;notice;property_financial;protective_order;recusal;removal_remand;sanctions_contempt;temporary_orders,160,CASE DOCS\04.10.25 - 02-25-00164-CV MANDAMUS RECORD-1.pdf
2025-04-10,02-25-00164-CV,mandamus,appeal;associate_judge;child_support_oag;custody;due_process;ex_parte;federal_court;fraud_perjury;hearing;injunction;jurisdiction;lockout_eviction;mandamus;notice;property_financial;protective_order;removal_remand;sanctions_contempt;temporary_orders,84,CASE DOCS\04.10.25 - 02-25-00164-CV MANDAMUS-1.pdf
2025-04-10,02-25-00164-CV,hearing;motion,appeal;associate_judge;due_process;ex_parte;federal_court;hearing;injunction;jurisdiction;law_enforcement;mandamus;notice,9,CASE DOCS\04.10.25 - 02-25-00164-CV MOTION FOR REHEARING-1.pdf
2025-04-10,02-25-00164-CV,mandamus;record,appeal;associate_judge;child_support_oag;custody;discovery;due_process;federal_court;fraud_perjury;hearing;injunction;jurisdiction;law_enforcement;mandamus;notice;property_financial;protective_order;recusal;removal_remand;sanctions_contempt;temporary_orders,48,CASE DOCS\04.10.25 - 02-25-00164-CV SUPPLEMENTAL MANDAMUS RECORD-1.pdf
2025-04-10,,mandamus,appeal;associate_judge;child_support_oag;custody;discovery;due_process;ex_parte;federal_court;fraud_perjury;hearing;injunction;jurisdiction;law_enforcement;lockout_eviction;mandamus;notice;property_financial;protective_order;recusal;removal_remand;sanctions_contempt;temporary_orders,367,CASE DOCS\04.10.25 - Mandamus-1.pdf
2025-04-10,,order,federal_court,2,CASE DOCS\04.10.25 - ORDER GRANTING CONSOL-1.pdf
2025-04-10,,motion;order,federal_court,1,CASE DOCS\04.10.25 - ORDER ON MOTION TO CONSOLIDATE (233)-1.pdf
2025-04-10,,order,federal_court,2,CASE DOCS\04.10.25 233rd ORDER ON CONSOLIDATION-1.pdf
2025-04-11,,motion;order,federal_court,4,CASE DOCS\04.11.2025_233-765358-25 - ORDER ON MOTION TO CONSOLIDATE-1.pdf
2025-04-11,,mandamus;notice,appeal;associate_judge;federal_court;recusal,1,CASE DOCS\04.11.25 - DENIAL MANDAMUS NOTICE-1.pdf
2025-04-11,,notice,appeal;associate_judge;custody;due_process;ex_parte;federal_court;hearing;injunction;jurisdiction;law_enforcement;mandamus;notice;property_financial;sanctions_contempt,12,CASE DOCS\04.11.25 - NOTICE AND LEGAL ANALYSIS-1.pdf
2025-04-11,,order;report,appeal;associate_judge;civil_rights_1983;custody;due_process;ex_parte;federal_court;fraud_perjury;hearing;injunction;jurisdiction;lockout_eviction;mandamus;notice;property_financial;protective_order;sanctions_contempt;temporary_orders,10,"CASE DOCS\04.11.25 - Validity of the February 1 and March 14 Reports and the March 26, 2024 Temporary Orders-1.pdf"
2025-04-12,,order,appeal;associate_judge;custody;due_process;ex_parte;federal_court;hearing;injunction;jurisdiction;lockout_eviction;mandamus;notice;property_financial;protective_order;sanctions_contempt;temporary_orders,30,CASE DOCS\04.12.25 - MARCH 26 ORDERS ANALYSIS-1.pdf
2025-04-14,02-25-00166-CV,mandamus;record,appeal;associate_judge;child_support_oag;custody;discovery;due_process;ex_parte;federal_court;fraud_perjury;hearing;injunction;jurisdiction;law_enforcement;lockout_eviction;mandamus;notice;property_financial;protective_order;recusal;removal_remand;sanctions_contempt;temporary_orders,171,CASE DOCS\04.14.25 - 02-25-00166-CV MANDAMUS RECORD-1.pdf
2025-04-14,02-25-00166-CV,mandamus,appeal;associate_judge;child_support_oag;custody;discovery;due_process;ex_parte;federal_court;fraud_perjury;hearing;injunction;jurisdiction;law_enforcement;lockout_eviction;mandamus;notice;property_financial;protective_order;recusal;removal_remand;sanctions_contempt;temporary_orders,109,CASE DOCS\04.14.25 - 02-25-00166-CV MANDAMUS-1.pdf
2025-04-15,,emergency,appeal;associate_judge;child_support_oag;custody;due_process;ex_parte;federal_court;fraud_perjury;hearing;injunction;jurisdiction;law_enforcement;lockout_eviction;mandamus;notice;property_financial;protective_order;removal_remand;sanctions_contempt;temporary_orders,49,CASE DOCS\04.15.2025_02-25-00166-CV EMERGENCY STAY-1.pdf
2025-04-15,,mandamus;order,appeal;associate_judge;child_support_oag;custody;discovery;due_process;ex_parte;federal_court;fraud_perjury;hearing;injunction;jurisdiction;law_enforcement;lockout_eviction;mandamus;notice;property_financial;protective_order;recusal;removal_remand;sanctions_contempt;temporary_orders,52,CASE DOCS\04.15.2025_02-25-00166-CV MANDAMUS VOID ORDER-1.pdf
2025-04-15,,order,appeal;associate_judge;child_support_oag;custody;due_process;ex_parte;federal_court;hearing;injunction;jurisdiction;lockout_eviction;mandamus;notice;property_financial;protective_order;sanctions_contempt;temporary_orders,31,CASE DOCS\04.15.2025_PROCEDURAL IRREGULARITIES WITH TEMPORARY ORDERS-1.pdf
2025-04-16,,mandamus,appeal;custody;due_process;ex_parte;federal_court;fraud_perjury;hearing;injunction;jurisdiction;law_enforcement;lockout_eviction;mandamus;notice;property_financial;removal_remand;sanctions_contempt;temporary_orders,31,CASE DOCS\04.16.2025_02-25-00171-CV - MANDAMUS CONSOLIDATION-1.pdf
2025-04-16,,mandamus;record,appeal;federal_court;fraud_perjury;hearing;injunction;mandamus;notice,5,CASE DOCS\04.16.2025_02-25-00171-CV - MANDAMUS RECORD-1.pdf
2025-04-21,,order,appeal;associate_judge;child_support_oag;custody;due_process;ex_parte;federal_court;fraud_perjury;hearing;injunction;jurisdiction;law_enforcement;lockout_eviction;mandamus;notice;property_financial;sanctions_contempt;temporary_orders,20,CASE DOCS\04.21.2025_02-25-00166-CV - EN BANC VOID ORDER-1.pdf
2025-04-22,,emergency,appeal;associate_judge;child_support_oag;custody;discovery;ex_parte;federal_court;fraud_perjury;hearing;injunction;jurisdiction;law_enforcement;lockout_eviction;notice;property_financial;protective_order;recusal;removal_remand;sanctions_contempt;temporary_orders,69,CASE DOCS\04.22.25 - EMERGENCY TRO APPLICATION-1.pdf
2025-04-22,,notice,federal_court;hearing;notice,1,CASE DOCS\04.22.25 - NOTICE SETTING A COURT PROCEEDING-1.pdf
2025-04-23,,notice,federal_court;hearing;notice,3,CASE DOCS\04.23.2025_NOTICE OF TRIAL SETTING-1.pdf
2025-04-23,,objection,appeal;child_support_oag;federal_court;hearing;injunction;mandamus;notice;property_financial,5,CASE DOCS\04.23.2025_OBJECTION TO TRIAL SETTING AND REQUEST TO STAY PROCEEDINGS-1.pdf
2025-04-23,,notice,federal_court;hearing;notice,2,CASE DOCS\04.23.25 - NOTICE OF TRIAL SETTING-f712d07f-1.pdf
2025-04-23,,notice,appeal;associate_judge;child_support_oag;civil_rights_1983;custody;discovery;due_process;ex_parte;federal_court;fraud_perjury;hearing;injunction;jurisdiction;law_enforcement;lockout_eviction;mandamus;notice;property_financial;protective_order;recusal;removal_remand;sanctions_contempt;temporary_orders,446,CASE DOCS\04.23.25 - Notice of Trial Setting-1.pdf
2025-04-23,,objection,appeal;child_support_oag;federal_court;hearing;injunction;mandamus;notice;property_financial,3,CASE DOCS\04.23.25 - Objection to Trial Setting and Request for Stay of Proceedings-1.pdf
2025-04-23,,objection,appeal;child_support_oag;federal_court;hearing;injunction;mandamus;notice;property_financial,4,CASE DOCS\04.23.25 - Objection to Trial Setting and Request for Stay of Proceedings-d657c201-1.pdf
2025-04-24,,mandamus,appeal;federal_court;mandamus;notice,1,CASE DOCS\04.24.25 - DENIAL OF MANDAMUS EN BANC-1.pdf
2025-04-25,,emergency;notice,due_process;federal_court;hearing;injunction;notice;property_financial;recusal,6,CASE DOCS\04.25.2025_EMERGENCY NOTICE TO THE COURT-1.pdf
2025-04-25,,motion,appeal;associate_judge;child_support_oag;custody;discovery;due_process;ex_parte;federal_court;fraud_perjury;hearing;injunction;jurisdiction;law_enforcement;lockout_eviction;mandamus;notice;property_financial;protective_order;recusal;removal_remand;sanctions_contempt;temporary_orders,93,CASE DOCS\04.25.2025_MOTION TO RECUSE-1.pdf
2025-04-25,,emergency,appeal;mandamus,4,CASE DOCS\04.25.25 - 2ND COA EMERGENCY LETTER-1.pdf
2025-04-25,,emergency;notice,due_process;federal_court;hearing;injunction;notice;property_financial;recusal,5,CASE DOCS\04.25.25 - EMERGENCY NOTICE TO THE COURT-1.pdf
2025-04-25,,emergency,due_process;federal_court;hearing;injunction;notice;property_financial;recusal,6,CASE DOCS\04.25.25 - FIRST AMENDED EMERGENCY NOTRICE-1.pdf
2025-04-25,,motion,appeal;associate_judge;child_support_oag;custody;discovery;due_process;ex_parte;federal_court;fraud_perjury;hearing;injunction;jurisdiction;law_enforcement;lockout_eviction;mandamus;notice;property_financial;protective_order;recusal;removal_remand;sanctions_contempt;temporary_orders,72,CASE DOCS\04.25.25 - MOTION TO RECUSE-1.pdf
2025-04-25,,recusal,appeal;associate_judge;child_support_oag;custody;discovery;due_process;ex_parte;federal_court;fraud_perjury;hearing;injunction;jurisdiction;law_enforcement;lockout_eviction;mandamus;notice;property_financial;protective_order;recusal;removal_remand;sanctions_contempt;temporary_orders,73,CASE DOCS\04.25.25 - RECUSAL-1.pdf
2025-04-28,,motion,appeal;associate_judge;child_support_oag;custody;discovery;due_process;ex_parte;federal_court;fraud_perjury;hearing;injunction;jurisdiction;law_enforcement;lockout_eviction;mandamus;notice;property_financial;protective_order;recusal;removal_remand;sanctions_contempt;temporary_orders,122,CASE DOCS\04.28.2025_FIRST AMENDED MOTION TO RECUSE-1.pdf
2025-04-28,,notice,appeal;custody;due_process;federal_court;hearing;jurisdiction;notice;property_financial;protective_order;recusal,7,CASE DOCS\04.28.2025_NOTICE OF NON-APPEARANCE AND OBJ TO TRIAL SETTING-1.pdf
2025-04-28,,notice;objection,appeal;custody;due_process;federal_court;hearing;jurisdiction;notice;property_financial;protective_order;recusal,5,CASE DOCS\04.28.25 - NOTICE AND OBJECTION-1.pdf
2025-04-28,,notice;objection,appeal;custody;due_process;federal_court;hearing;jurisdiction;notice;property_financial;protective_order;recusal,6,CASE DOCS\04.28.25 - NOTICE AND OBJECTION-a9ed2d2a-1.pdf
2025-04-29,,order,associate_judge;child_support_oag;recusal,5,CASE DOCS\04.29.2025_JM LETTER - ORDER OF REFERRAL-1.pdf
2025-04-29,,objection;recusal,child_support_oag;due_process;federal_court;fraud_perjury;jurisdiction;recusal,5,CASE DOCS\04.29.25 - OBJECTION RECUSAL HANDLING-1.pdf
2025-04-29,,objection;recusal,child_support_oag;due_process;federal_court;fraud_perjury;jurisdiction;recusal,7,CASE DOCS\04.29.25 - Objection to Recusal Handling-1.pdf
2025-04-29,,order,associate_judge;child_support_oag;recusal,5,CASE DOCS\04.29.25 - Order of Referral (Kaitcer)-1.pdf
2025-04-29,,order,associate_judge;federal_court;recusal,1,CASE DOCS\04.29.25 - Order of Referral Munford-1.pdf
2025-04-29,,order,associate_judge;federal_court;recusal,2,CASE DOCS\04.29.25 322 744263 23 JK ORDER-1.pdf
2025-04-29,,order,associate_judge;federal_court;recusal,2,CASE DOCS\04.29.25 322 744263 23 JM ORDER-1.pdf
2025-05-01,,mandamus,appeal;associate_judge;child_support_oag;custody;federal_court;fraud_perjury;hearing;injunction;jurisdiction;lockout_eviction;mandamus;notice;property_financial;protective_order;sanctions_contempt;temporary_orders,73,CASE DOCS\05.01.2025_25-0361 HON KAITCER MANDAMUS-1.pdf
2025-05-01,25-0361,emergency;motion,appeal;associate_judge;child_support_oag;custody;federal_court;hearing;mandamus;notice;property_financial;temporary_orders,7,CASE DOCS\05.01.25 - 25-0361 EMERGENCY MOTION FOR TEMPORARY RELIEF-1.pdf
2025-05-01,25-0361,mandamus;record,appeal;associate_judge;child_support_oag;custody;discovery;due_process;ex_parte;federal_court;fraud_perjury;hearing;injunction;jurisdiction;law_enforcement;lockout_eviction;mandamus;notice;property_financial;protective_order;recusal;removal_remand;sanctions_contempt;temporary_orders,171,CASE DOCS\05.01.25 - 25-0361 MANDAMUS RECORD-1.pdf
2025-05-01,25-0361,mandamus,appeal;associate_judge;child_support_oag;custody;federal_court;fraud_perjury;hearing;injunction;jurisdiction;lockout_eviction;mandamus;notice;property_financial;protective_order;sanctions_contempt;temporary_orders,72,CASE DOCS\05.01.25 - 25-0361 MANDAMUS-1.pdf
2025-05-01,,mandamus;record,appeal;associate_judge;child_support_oag;custody;discovery;due_process;ex_parte;federal_court;fraud_perjury;hearing;injunction;jurisdiction;law_enforcement;lockout_eviction;mandamus;notice;property_financial;protective_order;recusal;removal_remand;sanctions_contempt;temporary_orders,172,CASE DOCS\05.01.25 - Kaitcer Mandamus Record-1.pdf
2025-05-02,25-0367,mandamus,appeal;associate_judge;child_support_oag;custody;due_process;ex_parte;federal_court;fraud_perjury;hearing;injunction;jurisdiction;law_enforcement;lockout_eviction;mandamus;notice;property_financial;protective_order;removal_remand;sanctions_contempt;temporary_orders,81,CASE DOCS\05.02.25 - 25-0367 MANDAMUS-1.pdf
2025-05-02,,mandamus;record,appeal;associate_judge;child_support_oag;custody;discovery;due_process;ex_parte;federal_court;fraud_perjury;hearing;injunction;jurisdiction;law_enforcement;lockout_eviction;mandamus;notice;property_financial;protective_order;recusal;removal_remand;sanctions_contempt;temporary_orders,162,CASE DOCS\05.02.25 - Mandamus Record (STONE)-1.pdf
2025-05-02,,mandamus,appeal;associate_judge;child_support_oag;custody;due_process;ex_parte;federal_court;fraud_perjury;hearing;injunction;jurisdiction;law_enforcement;lockout_eviction;mandamus;notice;property_financial;protective_order;removal_remand;sanctions_contempt;temporary_orders,82,CASE DOCS\05.02.25 - Stone Mandamus-1.pdf
2025-05-05,,emergency;motion,appeal;associate_judge;child_support_oag;custody;federal_court;hearing;mandamus;notice;property_financial;temporary_orders,7,CASE DOCS\05.05.2025_25-0361 HON KAITCER EMERGENCY MOTION FOR TEMPORARY RELIEF-1.pdf
2025-05-05,,motion,appeal;associate_judge;child_support_oag;custody;discovery;federal_court;fraud_perjury;hearing;jurisdiction;law_enforcement;notice;property_financial;protective_order;recusal;sanctions_contempt;temporary_orders,22,CASE DOCS\05.05.25 - Motion to Disqualify (CARTER)-1.pdf
2025-05-06,,order,appeal;federal_court;notice;recusal,3,CASE DOCS\05.06.2025_ORDER OF ASSIGNMENT BY HON EVANS-1.pdf
2025-05-06,,objection;order,appeal;child_support_oag;due_process;federal_court;fraud_perjury;jurisdiction;lockout_eviction;notice;recusal,14,CASE DOCS\05.06.25 - OBJECTION TO ORDER OF ASSIGNMENT-1.pdf
2025-05-06,,order,appeal;federal_court;notice;recusal,1,CASE DOCS\05.06.25 - ORDER OF ASSIGNMENT-1.pdf
2025-05-07,,objection;order,appeal;child_support_oag;due_process;federal_court;fraud_perjury;jurisdiction;lockout_eviction;notice;recusal,16,CASE DOCS\05.07.2025_OBJECTION TO ORDER OF ASSIGNMENT-1.pdf
2025-05-07,25-0378,mandamus,appeal;associate_judge;custody;due_process;ex_parte;federal_court;hearing;injunction;jurisdiction;law_enforcement;lockout_eviction;mandamus;notice;property_financial;protective_order,34,CASE DOCS\05.07.25 - 25-0378 MANDAMUS-1.pdf
2025-05-07,,mandamus;record,appeal;associate_judge;child_support_oag;custody;discovery;due_process;ex_parte;federal_court;fraud_perjury;hearing;injunction;jurisdiction;law_enforcement;lockout_eviction;mandamus;notice;property_financial;protective_order;recusal;removal_remand;rico;sanctions_contempt;temporary_orders,245,CASE DOCS\05.07.25 - Newell Mandamus Record-1.pdf
2025-05-07,,mandamus,appeal;associate_judge;custody;due_process;ex_parte;federal_court;hearing;injunction;jurisdiction;law_enforcement;lockout_eviction;mandamus;notice;property_financial;protective_order,35,CASE DOCS\05.07.25 - Newell Mandamus-1.pdf
2025-05-08,25-0361;25-0367;25-0378,motion,appeal;associate_judge;child_support_oag;custody;discovery;due_process;ex_parte;federal_court;fraud_perjury;hearing;injunction;jurisdiction;law_enforcement;lockout_eviction;mandamus;notice;property_financial;protective_order;recusal;removal_remand;temporary_orders,41,CASE DOCS\05.08.2025_FIRST AMENDED MOTION TO CONSOLIDATE CAUSE NUMBERS 25-0361 25-0367 and 25-0378-1.pdf
2025-05-08,25-0361,motion,appeal;associate_judge;child_support_oag;civil_rights_1983;custody;discovery;due_process;ex_parte;federal_court;fraud_perjury;hearing;injunction;jurisdiction;law_enforcement;lockout_eviction;mandamus;notice;property_financial;protective_order;recusal;removal_remand;sanctions_contempt;temporary_orders,2788,CASE DOCS\05.08.25 - 25-0361 FIRST AMENDED MOTION TO CONSOLIDATE-1.pdf
2025-05-08,25-0367,motion,appeal;associate_judge;child_support_oag;civil_rights_1983;custody;discovery;due_process;ex_parte;federal_court;fraud_perjury;hearing;injunction;jurisdiction;law_enforcement;lockout_eviction;mandamus;notice;property_financial;protective_order;recusal;removal_remand;sanctions_contempt;temporary_orders,2788,CASE DOCS\05.08.25 - 25-0367 MOTION TO CONSOLIDATE-1.pdf
2025-05-12,,affidavit,appeal;child_support_oag;custody;discovery;federal_court;fraud_perjury;hearing;jurisdiction;law_enforcement;mandamus;property_financial;protective_order;removal_remand,13,CASE DOCS\05.12.2025_AFFIDAVIT OF CHARLES DUSTIN MYERS-1.pdf
2025-05-12,25-0361,affidavit,appeal;custody;discovery;federal_court;fraud_perjury;hearing;jurisdiction;law_enforcement;mandamus;property_financial;protective_order;removal_remand,11,CASE DOCS\05.12.25 - 25-0361 AFFIDAVIT OF CHARLES DUSTIN MYERS-1.pdf
2025-05-15,,objection;order,federal_court;recusal,3,CASE DOCS\05.15.25 - ORDER DENYING OBJECTION TO ORDER OF ASSIGNMENT-1.pdf
2025-05-15,,objection;order,federal_court;recusal,3,CASE DOCS\05.15.25 - ORDER OVERRULING OBJECTION-1.pdf
2025-05-15,,objection;order,federal_court;recusal,2,CASE DOCS\05.15.25 Order Denying Objection to Order of Referral-1.pdf
2025-05-16,,emergency;notice,appeal;child_support_oag;federal_court;mandamus;notice;property_financial,5,CASE DOCS\05.16.2025_EMERGENCY NOTICE-1.pdf
2025-05-16,,mandamus;notice,federal_court;mandamus;notice;recusal,10,CASE DOCS\05.16.25 - NOTICE OF INTENT TO FILE MANDAMUS-1.pdf
2025-05-19,,memorandum,appeal;associate_judge;civil_rights_1983;custody;discovery;due_process;ex_parte;federal_court;fraud_perjury;hearing;law_enforcement;lockout_eviction;mandamus;notice;property_financial;protective_order;recusal;removal_remand;sanctions_contempt;temporary_orders,40,CASE DOCS\05.19.2025_CASE MEMORANDUM-1.pdf
2025-05-19,,mandamus,appeal;associate_judge;discovery;due_process;federal_court;hearing;jurisdiction;lockout_eviction;mandamus;notice;property_financial;recusal;sanctions_contempt;temporary_orders,51,CASE DOCS\05.19.25 - 0426 MANDAMUS-1.pdf
2025-05-19,25-0426,memorandum,appeal;associate_judge;civil_rights_1983;custody;discovery;due_process;ex_parte;federal_court;fraud_perjury;hearing;law_enforcement;lockout_eviction;mandamus;notice;property_financial;protective_order;recusal;removal_remand;sanctions_contempt;temporary_orders,39,CASE DOCS\05.19.25 - 25-0426 CASE MEMORANDUM-1.pdf
2025-05-19,25-0426,mandamus,appeal;associate_judge;discovery;due_process;federal_court;hearing;jurisdiction;lockout_eviction;mandamus;notice;property_financial;recusal;sanctions_contempt;temporary_orders,50,CASE DOCS\05.19.25 - 25-0426 MANDAMUS-1.pdf
2025-05-19,,mandamus,appeal;associate_judge;child_support_oag;custody;discovery;due_process;ex_parte;federal_court;fraud_perjury;hearing;injunction;jurisdiction;law_enforcement;lockout_eviction;mandamus;notice;property_financial;protective_order;recusal;removal_remand;sanctions_contempt;temporary_orders,277,CASE DOCS\05.19.25 - Evans Mandamus-1.pdf
2025-05-19,,mandamus;record,appeal;associate_judge;child_support_oag;custody;discovery;due_process;ex_parte;federal_court;fraud_perjury;hearing;injunction;jurisdiction;law_enforcement;lockout_eviction;mandamus;notice;property_financial;protective_order;recusal;removal_remand;sanctions_contempt;temporary_orders,276,CASE DOCS\05.19.25 - MANDAMUS RECORD.pdf
2025-05-19,,order,federal_court;recusal,1,CASE DOCS\05.19.25 - ORDER TERMINATING ASSIGNMENT REDACTED-1.pdf
2025-05-19,,order,federal_court;recusal,1,CASE DOCS\05.19.25 - ORDER TERMINATING ASSIGNMENT-1.pdf
2025-05-20,,emergency,appeal;associate_judge;custody;due_process;federal_court;hearing;jurisdiction;law_enforcement;mandamus;notice;property_financial;recusal;temporary_orders,20,CASE DOCS\05.20.25 - 0426 Emergency Stay-1.pdf
2025-05-20,25-0426,emergency,appeal;associate_judge;custody;due_process;federal_court;hearing;jurisdiction;law_enforcement;mandamus;notice;property_financial;recusal;temporary_orders,19,CASE DOCS\05.20.25 - 25-0426 EMERGENCY STAY-1.pdf
2025-05-20,,order;recusal,associate_judge;due_process;federal_court;hearing;recusal,4,CASE DOCS\05.20.25 - Order Summarily Denying Recusal (Kaitcer)-1.pdf
2025-05-20,,order;recusal,associate_judge;due_process;federal_court;hearing;recusal,4,CASE DOCS\05.20.25 - Order Summarily Denying Recusal-1.pdf
2025-05-21,,mandamus;notice,appeal;associate_judge;due_process;federal_court;hearing;law_enforcement;lockout_eviction;mandamus;notice;recusal,10,CASE DOCS\05.21.2025_NOTICE OF INTENT TO FILE MANDAMUS-1.pdf
2025-05-21,,mandamus;notice,appeal;associate_judge;due_process;federal_court;hearing;law_enforcement;lockout_eviction;mandamus;notice;recusal,9,CASE DOCS\05.21.25 - NOTICE OF INTENT TO FILE MANDAMUS-1.pdf
2025-05-22,,motion,appeal;associate_judge;child_support_oag;custody;discovery;federal_court;hearing;jurisdiction;notice;property_financial;recusal;temporary_orders,39,CASE DOCS\05.22.2025_MOTION TO STRIKE OAG-1.pdf
2025-05-22,,motion;order,child_support_oag;federal_court;mandamus;notice,4,CASE DOCS\05.22.2025_PROPOSED ORDER ON MOTION TO STRIKE OAG-1.pdf
2025-05-22,,motion,appeal;child_support_oag;federal_court;property_financial,5,CASE DOCS\05.22.25 - MOTION TO STRIKE INTERVENTION OF THE OAG-1.pdf
2025-05-23,,motion,appeal;associate_judge;child_support_oag;custody;discovery;due_process;ex_parte;federal_court;fraud_perjury;hearing;injunction;jurisdiction;law_enforcement;lockout_eviction;mandamus;notice;property_financial;protective_order;recusal;removal_remand;temporary_orders,39,CASE DOCS\05.23.25 - Second Amended Motion for Consolidation-1.pdf
2025-05-27,,mandamus,appeal;associate_judge;due_process;ex_parte;federal_court;hearing;jurisdiction;lockout_eviction;mandamus;notice;property_financial;recusal,35,CASE DOCS\05.27.25 - MANDAMUS CAYCE_5ACD0433.pdf
2025-05-29,25-0361,motion,appeal;associate_judge;child_support_oag;custody;discovery;due_process;ex_parte;federal_court;fraud_perjury;hearing;injunction;jurisdiction;law_enforcement;lockout_eviction;mandamus;notice;property_financial;protective_order;recusal;removal_remand;temporary_orders,49,CASE DOCS\05.29.25 - 25-0361 THIRD AMENDED MOTION TO CONSOLIDATE-1.pdf
2025-05-30,,motion,appeal;custody;federal_court;mandamus;notice;property_financial;recusal,9,CASE DOCS\05.30.25 - UNOPPOSED MOTION TO STAY.pdf
2025-06-02,,order,appeal;federal_court;hearing;mandamus;notice,5,CASE DOCS\06.02.25 - BRANTHOOVER ORDER.pdf
2025-06-05,,hearing,appeal;custody;due_process;federal_court;fraud_perjury;hearing;law_enforcement;notice;property_financial;protective_order;temporary_orders,17,CASE DOCS\06.05.25 - REQUEST FOR HEARING ON DWOP-1.pdf
2025-06-10,,notice,appeal;custody;federal_court;fraud_perjury;jurisdiction;lockout_eviction;notice;property_financial;protective_order;removal_remand;rico;temporary_orders,8,CASE DOCS\06.10.25 - Notice of Related Federal RICO Litigation-1.pdf
2025-07-11,25-0361,motion,appeal;mandamus,1,CASE DOCS\07.11.25 - 25-0361 Denial (Motions)-1.pdf
2025-07-11,25-0367,hearing,appeal;mandamus,1,CASE DOCS\07.11.25 - 25-0367 Rehearing Denial-1.pdf
2025-07-11,25-0367,hearing,appeal;mandamus,1,CASE DOCS\07.11.25 - 25-0367 Rehearing Receipt-1.pdf
2025-07-11,25-0378,hearing,appeal;mandamus,1,CASE DOCS\07.11.25 - 25-0378 Rehearing Receipt-1.pdf
2025-07-11,25-0378,hearing,appeal;associate_judge;custody;due_process;ex_parte;federal_court;hearing;injunction;law_enforcement;lockout_eviction;mandamus;notice;temporary_orders,17,CASE DOCS\07.11.25 - 25-0378 Rehearing-1.pdf
2025-07-11,25-0426,hearing,appeal;mandamus,1,CASE DOCS\07.11.25 - 25-0426 Rehearing Receipt-1.pdf
2025-07-11,25-0458,hearing,appeal;mandamus,1,CASE DOCS\07.11.25 - 25-0458 Rehearing Receipt-1.pdf
2025-07-28,,hearing;motion,appeal;child_support_oag;custody;due_process;federal_court;fraud_perjury;hearing;jurisdiction;law_enforcement;lockout_eviction;mandamus;notice;property_financial;recusal;removal_remand;temporary_orders,19,CASE DOCS\07.28.25 - MOTION FOR REHEARING.pdf
2025-07-28,,notice,appeal;custody;due_process;federal_court;hearing;lockout_eviction;notice;property_financial;protective_order;rico,6,CASE DOCS\07.28.25 - NOTICE OF RICO UPDATE-1.pdf
2025-07-30,,hearing;motion,appeal;custody;due_process;hearing;jurisdiction;law_enforcement;lockout_eviction;mandamus;property_financial;recusal;removal_remand,16,CASE DOCS\07.30.25 - first amended MOTION REHEARING.pdf
2025-08-15,25-0361,hearing,appeal;mandamus,1,CASE DOCS\08.15.25 - 25-0361 Rehearing Denial-1.pdf
2025-08-15,25-0426,hearing,appeal;mandamus,1,CASE DOCS\08.15.25 - 25-0426 Rehearing Denial-1.pdf
2025-08-20,,notice;objection,,0,CASE DOCS\08.20.25 - OBJECTION TO NOTICE SETTING A COURT PROCEEDING-1.pdf
2025-08-20,,objection,appeal;associate_judge;due_process;ex_parte;federal_court;hearing;injunction;jurisdiction;law_enforcement;lockout_eviction;mandamus;notice;property_financial;protective_order;recusal;temporary_orders,9,CASE DOCS\08.20.25 - Objection to Final Trial Setting-1.pdf
2025-08-21,,hearing;motion,appeal;child_support_oag;custody;due_process;ex_parte;federal_court;hearing;jurisdiction;law_enforcement;lockout_eviction;mandamus;notice;property_financial;recusal,14,CASE DOCS\08.21.25 - SECOND AMENDED MOTION FOR REHEARING.pdf
2025-08-27,,notice;recusal,appeal;discovery;due_process;ex_parte;federal_court;hearing;injunction;mandamus;notice;property_financial;recusal;removal_remand,13,CASE DOCS\08.27.25 - NOTICE OF INTENT TO FILE RECUSAL-1.pdf
2025-08-27,,order,associate_judge;federal_court;notice;recusal,1,CASE DOCS\08.27.25 -ORDER OF REFERRAL MUNFORD-1.pdf
2025-08-29,,objection;order,,0,CASE DOCS\08.29.2025 OBJECTION TO ORDER OF REFERRAL-1.pdf
2025-08-29,25-0458,hearing,appeal;mandamus,1,CASE DOCS\08.29.25 - 25-0458 Rehearing Denial-1.pdf
2025-08-29,,notice,,0,CASE DOCS\08.29.25 - NOTICE OF INTENT TO COMMENCE FEDERAL ACTION-1-1.pdf
2025-08-29,,notice,appeal;associate_judge;civil_rights_1983;custody;due_process;ex_parte;federal_court;fraud_perjury;hearing;injunction;jurisdiction;law_enforcement;lockout_eviction;mandamus;notice;property_financial;protective_order;recusal;removal_remand;rico,11,CASE DOCS\08.29.25 - NOTICE OF INTENT TO COMMENCE FEDERAL ACTION-1.pdf
2025-08-29,,objection;order,appeal;associate_judge;federal_court;lockout_eviction;notice;recusal,6,CASE DOCS\08.29.25 - OBJECTION TO ORDER OF REFERRAL-1.pdf
2025-08-29,,notice,,0,CASE DOCS\08.29.25 Notice of Intent to Commence Federal Action-1.pdf
2025-08-29,,objection;order,,0,CASE DOCS\08.29.25 Objection to Order of Referral-1.pdf
2025-09-03,,emergency,appeal;custody;discovery;federal_court;fraud_perjury;hearing;injunction;jurisdiction;law_enforcement;lockout_eviction;mandamus;notice;property_financial;protective_order;recusal;removal_remand;rico,63,CASE DOCS\09.03.25 - FIRST AMENDED REQUEST FOR EMERGENCY STAY AND INJUNCTIVE RELIEF-1.pdf
2025-09-04,,notice,appeal;associate_judge;custody;federal_court;fraud_perjury;hearing;jurisdiction;lockout_eviction;mandamus;notice;property_financial;recusal;rico;temporary_orders,15,CASE DOCS\09.04.25 - NOTICE OF RICO COMPLAINT-1.pdf
2025-09-05,,motion,appeal;associate_judge;custody;due_process;ex_parte;federal_court;fraud_perjury;law_enforcement;notice;property_financial;recusal;rico,12,CASE DOCS\09.05.25 - MOTION TO RECUSE JAMES MUNFORD-1.pdf
2025-09-05,,motion,,0,CASE DOCS\09.05.25 - Motion to Recuse (Tieritary)-1.pdf
2025-09-08,,notice,associate_judge;child_support_oag;federal_court;fraud_perjury;jurisdiction;notice;property_financial;recusal;removal_remand;rico,8,CASE DOCS\09.08.25 - NOTICE TO DAVID L. EVANS-1.pdf
2025-09-08,,notice,,0,CASE DOCS\09.08.25 - NOTICE TO THE HONORABLE DAVID EVANS-1.pdf
2025-09-09,,order,appeal;associate_judge;custody;due_process;ex_parte;federal_court;fraud_perjury;law_enforcement;notice;property_financial;recusal;rico,13,CASE DOCS\09.09.25 - ORDER OF REFERRAL MUNFORD-1.pdf
2025-09-11,,motion,appeal;associate_judge;custody;discovery;due_process;federal_court;fraud_perjury;hearing;injunction;jurisdiction;law_enforcement;mandamus;notice;property_financial;recusal;rico,15,CASE DOCS\09.11.25 - MOTION TO RECUSE THE REGIONAL JUDGE-1.pdf
2025-09-11,,notice,associate_judge;child_support_oag;federal_court;hearing;law_enforcement;mandamus;notice;property_financial;recusal;rico;temporary_orders,13,CASE DOCS\09.11.25 - NOTICE-1.pdf
2025-09-11,,motion;order,federal_court;notice;recusal,2,CASE DOCS\09.11.25 - PROPOSED ORDER ON MOTION TO RECUSE THE REGIONAL JUDGE-1.pdf
2025-09-12,,notice,,0,CASE DOCS\09.12.25 -  NOTICE-1.pdf
2025-09-12,,motion,appeal;associate_judge;custody;discovery;due_process;federal_court;fraud_perjury;hearing;injunction;jurisdiction;law_enforcement;mandamus;notice;property_financial;recusal;rico,16,CASE DOCS\09.12.25 - FIRST AMENDED MOTION TO RECUSE THE REGIONAL JUDGE-1.pdf
2025-09-14,,motion,appeal;discovery;federal_court;fraud_perjury;law_enforcement;lockout_eviction;property_financial;removal_remand;rico,10,CASE DOCS\09.14.25 - MOTION FOR RECONSIDERATION-1.pdf
2025-09-22,,notice,federal_court;hearing;mandamus;notice;property_financial;recusal;rico,6,CASE DOCS\09.22.25 - NOTICE-1-1.pdf
2025-09-22,,notice,,0,CASE DOCS\09.22.25 - NOTICE-1.pdf
2025-09-25,,affidavit,appeal;custody;jurisdiction;mandamus;notice;recusal,6,CASE DOCS\09.25.25 - AFFIDAVIT OF CHARLES DUSTIN MYERS.pdf
2025-09-25,,mandamus,appeal;discovery;due_process;federal_court;hearing;jurisdiction;law_enforcement;mandamus;notice;property_financial;recusal;removal_remand;sanctions_contempt,29,CASE DOCS\09.25.25 - MANDAMUS 0861.pdf
2025-09-25,,mandamus;record,appeal;associate_judge;custody;discovery;due_process;federal_court;fraud_perjury;hearing;injunction;jurisdiction;law_enforcement;mandamus;notice;property_financial;recusal;rico,22,CASE DOCS\09.25.25 - MANDAMUS RECORD.pdf
2025-09-26,,order,associate_judge;federal_court;hearing;recusal;sanctions_contempt,3,CASE DOCS\09.26.25 - ORDER SUMMARILY DENYING KAITCER-1.pdf
2025-09-26,,order,federal_court;hearing;recusal;sanctions_contempt,3,CASE DOCS\09.26.25 - ORDER SUMMARILY DENYING MUNFORD-1.pdf
2025-09-29,,motion,appeal;associate_judge;custody;discovery;due_process;federal_court;fraud_perjury;hearing;injunction;jurisdiction;law_enforcement;mandamus;notice;property_financial;recusal;rico,23,CASE DOCS\09.29.25 - MOTION TO DISMISS 0861.pdf
2025-10-02,,motion;sanctions,federal_court;sanctions_contempt,2,CASE DOCS\10.02.25 - MOTION FOR SANCTIONS AND REQUEST FOR ATTORNEY'S FEES-1.pdf
2025-10-09,,motion,appeal;associate_judge;custody;due_process;ex_parte;federal_court;fraud_perjury;hearing;law_enforcement;lockout_eviction;notice;property_financial;recusal;rico;sanctions_contempt,48,CASE DOCS\10.09.25 - JOINT MOTION TO VACATE-1.pdf
2025-10-10,,motion;petition;response;sanctions,appeal;associate_judge;child_support_oag;custody;discovery;due_process;federal_court;fraud_perjury;hearing;injunction;jurisdiction;notice;property_financial;protective_order;rico;sanctions_contempt;temporary_orders,28,CASE DOCS\10.10.25 - Response in Opposition to Petitioner's Motion for Sanctions-1.pdf
2025-10-30,,mandamus;record,appeal;associate_judge;child_support_oag;custody;discovery;due_process;ex_parte;federal_court;fraud_perjury;hearing;injunction;jurisdiction;law_enforcement;lockout_eviction;mandamus;notice;property_financial;protective_order;removal_remand;sanctions_contempt;temporary_orders,92,CASE DOCS\10.30.25 - CERTIFIED MANDAMUS RECORD.pdf
2025-10-30,,mandamus;petition,appeal;associate_judge;child_support_oag;custody;due_process;federal_court;fraud_perjury;hearing;injunction;jurisdiction;law_enforcement;lockout_eviction;mandamus;notice;property_financial;protective_order;recusal;removal_remand;sanctions_contempt;temporary_orders,90,CASE DOCS\10.30.25 - PETITION FOR WRIT OF MANDAMUS AND APPENDIX.pdf
2025-11-03,,motion,appeal;associate_judge;child_support_oag;custody;discovery;federal_court;fraud_perjury;hearing;injunction;jurisdiction;lockout_eviction;mandamus;notice;property_financial;recusal;removal_remand;rico;sanctions_contempt;temporary_orders,18,CASE DOCS\11.03.25 - MOTION FOR LEAVE TO SUPPLEMENT.pdf
2025-11-04,,hearing;motion,appeal;associate_judge;federal_court;jurisdiction;law_enforcement;mandamus;property_financial;recusal;removal_remand;temporary_orders,7,CASE DOCS\11.04.25 - MOTION FOR REHEARING.pdf
2025-11-04,,motion,appeal;child_support_oag;federal_court;hearing;mandamus;recusal,6,CASE DOCS\11.04.25 - PT MOTION IN LIMINE-1.pdf
2025-11-05,,motion,custody;discovery;due_process;federal_court;fraud_perjury;hearing;injunction;law_enforcement;lockout_eviction;mandamus;notice;property_financial;protective_order;sanctions_contempt;temporary_orders,15,CASE DOCS\11.05.25 - MOTION FOR NOEVIDENCE SUMMARY JUDGMENT.pdf
2025-11-05,,order,discovery;due_process;federal_court;hearing;notice;property_financial;protective_order;temporary_orders,4,CASE DOCS\11.05.25 - PROPOSED ORDER.pdf
2025-11-07,,recusal,federal_court;recusal,2,CASE DOCS\11.07.25 - RECUSAL DENIAL redact-1.pdf
2025-11-07,,recusal,federal_court;recusal,2,CASE DOCS\11.07.25 - RECUSAL DENIAL-1.pdf
2025-11-24,,petition,appeal;child_support_oag;custody;discovery;federal_court;hearing;injunction;jurisdiction;notice;property_financial;protective_order,8,CASE DOCS\11.24.25 - SECOND AMENDED PETITION FOR DIVORCE.pdf
2025-11-25,,motion;response,associate_judge;child_support_oag;custody;discovery;federal_court;hearing;jurisdiction;lockout_eviction;mandamus;property_financial;protective_order;recusal;temporary_orders,9,CASE DOCS\11.25.25 - RESPONSE TO MOTION FOR NO-EVIDENCE SUMMARY JUDGMENT PART 1.pdf
2025-11-25,,motion;response,associate_judge;child_support_oag;custody;discovery;federal_court;hearing;jurisdiction;lockout_eviction;mandamus;property_financial;protective_order;recusal;temporary_orders,9,CASE DOCS\11.25.25 - RESPONSE TO MOTION FOR NOEVIDENCE SUMMARY JUDGMENT PART 2.pdf
2025-11-25,,response,appeal;associate_judge;custody;discovery;due_process;ex_parte;federal_court;fraud_perjury;hearing;law_enforcement;lockout_eviction;mandamus;notice;property_financial;protective_order;removal_remand;sanctions_contempt;temporary_orders,25,CASE DOCS\11.25.25 - Response in Support of Granting NoEvidence Summary Judgment on Submission.pdf
2025-11-26,,response,appeal;associate_judge;child_support_oag;custody;discovery;due_process;ex_parte;federal_court;fraud_perjury;hearing;injunction;jurisdiction;law_enforcement;lockout_eviction;mandamus;notice;property_financial;protective_order;recusal;removal_remand;rico;sanctions_contempt;temporary_orders,40,CASE DOCS\11.26.25 - Response in Support of Granting No-Evidence Summary Judgment on Submission.pdf
2025-12-01,,objection;petition,appeal;discovery;federal_court;hearing;property_financial,5,CASE DOCS\12.01.25 - OBJECTION TO PETITIONER'S SUMMARY JUDGMENT EVIDENCE.pdf
2025-12-08,,notice,appeal;federal_court;fraud_perjury;notice;property_financial,6,CASE DOCS\12.08.25 - NOTICE OF NEW INFORMATION.pdf
2025-12-08,,petition,appeal;custody;discovery;due_process;ex_parte;federal_court;fraud_perjury;hearing;law_enforcement;lockout_eviction;mandamus;notice;property_financial;protective_order;removal_remand;sanctions_contempt;temporary_orders,18,CASE DOCS\12.08.25 - RESPONDENT'S ANSWER TO PETITIONER'S SECOND AMENDED PETITION.pdf
2025-12-08,,petition,appeal;child_support_oag;custody;discovery;due_process;ex_parte;federal_court;fraud_perjury;hearing;injunction;jurisdiction;law_enforcement;lockout_eviction;mandamus;notice;property_financial;protective_order;removal_remand;sanctions_contempt;temporary_orders,33,CASE DOCS\12.08.25 - THIRD AMENDED COUNTERPETITION FOR DIVORCE.pdf
2025-12-09,,objection,appeal;discovery;federal_court;notice;sanctions_contempt,4,CASE DOCS\12.09.25 - 193.6 OBJECTION.pdf
2025-12-15,,notice,child_support_oag;federal_court;hearing;notice,3,CASE DOCS\12.15.25 Notice of Submission.pdf
