timestamp,input_path,output_txt,output_meta,pages,ocr_pages,ocr_mode,dpi,text_chars,ocr_chars,duration_sec,status,error
2025-12-23 18:03:36,CASE DOCS\02-24-00149-CV_24149CV-1.pdf,extracted_text_full\02-24-00149-CV_24149CV-1.txt,extracted_text_full\02-24-00149-CV_24149CV-1.json,2,2,always,300,691,587,1.34,ok,
2025-12-23 18:03:37,CASE DOCS\02-24-00149-CV_24149CV.cor-1.pdf,extracted_text_full\02-24-00149-CV_24149CV.cor-1.txt,extracted_text_full\02-24-00149-CV_24149CV.cor-1.json,2,2,always,300,690,586,0.9,ok,
2025-12-23 18:03:38,CASE DOCS\02-24-00149-CV_24149CV.cor_961223C6-03e9250a-1.pdf,extracted_text_full\02-24-00149-CV_24149CV.cor_961223C6-03e9250a-1.txt,extracted_text_full\02-24-00149-CV_24149CV.cor_961223C6-03e9250a-1.json,2,2,always,300,734,632,0.92,ok,
2025-12-23 18:03:39,CASE DOCS\02-24-00149-CV_24149CV.cor_961223C6-1.pdf,extracted_text_full\02-24-00149-CV_24149CV.cor_961223C6-1.txt,extracted_text_full\02-24-00149-CV_24149CV.cor_961223C6-1.json,2,2,always,300,734,632,0.91,ok,
2025-12-23 18:03:40,CASE DOCS\02-24-00149-CV_CORR OPINION PAGE_FILECOPY_FC8D2EE3-0f787c6f-1.pdf,extracted_text_full\02-24-00149-CV_CORR OPINION PAGE_FILECOPY_FC8D2EE3-0f787c6f-1.txt,extracted_text_full\02-24-00149-CV_CORR OPINION PAGE_FILECOPY_FC8D2EE3-0f787c6f-1.json,2,2,always,300,1663,1625,1.29,ok,
2025-12-23 18:03:41,CASE DOCS\02-24-00149-CV_MEM OPINION ISSD_OPINION ISSD_FILECOPY-1.pdf,extracted_text_full\02-24-00149-CV_MEM OPINION ISSD_OPINION ISSD_FILECOPY-1.txt,extracted_text_full\02-24-00149-CV_MEM OPINION ISSD_OPINION ISSD_FILECOPY-1.json,1,1,always,300,1457,1435,0.88,ok,
2025-12-23 18:03:42,CASE DOCS\02-24-00149-CV_MT REHEAR DISP ORIG PROC CV_FILECOPY_BDCA6517-1-1.pdf,extracted_text_full\02-24-00149-CV_MT REHEAR DISP ORIG PROC CV_FILECOPY_BDCA6517-1-1.txt,extracted_text_full\02-24-00149-CV_MT REHEAR DISP ORIG PROC CV_FILECOPY_BDCA6517-1-1.json,1,1,always,300,690,699,0.61,ok,
2025-12-23 18:03:42,CASE DOCS\02-24-00149-CV_MT REHEAR DISP ORIG PROC CV_FILECOPY_BDCA6517-1.pdf,extracted_text_full\02-24-00149-CV_MT REHEAR DISP ORIG PROC CV_FILECOPY_BDCA6517-1.txt,extracted_text_full\02-24-00149-CV_MT REHEAR DISP ORIG PROC CV_FILECOPY_BDCA6517-1.json,1,1,always,300,690,699,0.65,ok,
2025-12-23 18:03:43,CASE DOCS\02-24-00149-CV_PET MAND FLD_FILECOPY (2)-1.pdf,extracted_text_full\02-24-00149-CV_PET MAND FLD_FILECOPY (2)-1.txt,extracted_text_full\02-24-00149-CV_PET MAND FLD_FILECOPY (2)-1.json,1,1,always,300,1257,1212,0.88,ok,
2025-12-23 18:03:44,CASE DOCS\02-24-00149-CV_PET MAND FLD_FILECOPY (2)_3D0FAE00-07353b0d-1.pdf,extracted_text_full\02-24-00149-CV_PET MAND FLD_FILECOPY (2)_3D0FAE00-07353b0d-1.txt,extracted_text_full\02-24-00149-CV_PET MAND FLD_FILECOPY (2)_3D0FAE00-07353b0d-1.json,1,1,always,300,1257,1212,0.83,ok,
2025-12-23 18:03:45,CASE DOCS\02-24-00149-CV_PET MAND FLD_FILECOPY (2)_3D0FAE00-1-1.pdf,extracted_text_full\02-24-00149-CV_PET MAND FLD_FILECOPY (2)_3D0FAE00-1-1.txt,extracted_text_full\02-24-00149-CV_PET MAND FLD_FILECOPY (2)_3D0FAE00-1-1.json,1,1,always,300,1257,1212,0.9,ok,
2025-12-23 18:03:46,CASE DOCS\02-24-00149-CV_PET MAND FLD_FILECOPY (2)_3D0FAE00-1.pdf,extracted_text_full\02-24-00149-CV_PET MAND FLD_FILECOPY (2)_3D0FAE00-1.txt,extracted_text_full\02-24-00149-CV_PET MAND FLD_FILECOPY (2)_3D0FAE00-1.json,1,1,always,300,1257,1212,0.89,ok,
2025-12-23 18:03:47,CASE DOCS\02-25-00164-CV_25164CV-1.pdf,extracted_text_full\02-25-00164-CV_25164CV-1.txt,extracted_text_full\02-25-00164-CV_25164CV-1.json,2,2,always,300,700,601,0.91,ok,
2025-12-23 18:03:48,CASE DOCS\02-25-00164-CV_MANDAMUS_FILED - 04.10.2025-1.pdf,extracted_text_full\02-25-00164-CV_MANDAMUS_FILED - 04.10.2025-1.txt,extracted_text_full\02-25-00164-CV_MANDAMUS_FILED - 04.10.2025-1.json,1,1,always,300,1328,1267,0.81,ok,
2025-12-23 18:03:48,CASE DOCS\02-25-00164-CV_MT REHEAR DISP ORIG PROC CV_FILECOPY-1.pdf,extracted_text_full\02-25-00164-CV_MT REHEAR DISP ORIG PROC CV_FILECOPY-1.txt,extracted_text_full\02-25-00164-CV_MT REHEAR DISP ORIG PROC CV_FILECOPY-1.json,1,1,always,300,668,676,0.61,ok,
2025-12-23 18:03:49,CASE DOCS\02-25-00166-CV_25166CV-1.pdf,extracted_text_full\02-25-00166-CV_25166CV-1.txt,extracted_text_full\02-25-00166-CV_25166CV-1.json,2,2,always,300,722,620,0.9,ok,
2025-12-23 18:03:50,CASE DOCS\02-25-00166-CV_MEM OPINION ISSD_OPINION ISSD_FILECOPY-1.pdf,extracted_text_full\02-25-00166-CV_MEM OPINION ISSD_OPINION ISSD_FILECOPY-1.txt,extracted_text_full\02-25-00166-CV_MEM OPINION ISSD_OPINION ISSD_FILECOPY-1.json,1,1,always,300,1642,1604,0.93,ok,
2025-12-23 18:06:59,CASE DOCS\02-25-00171-CV MANDAMUS RECORD-1.pdf,extracted_text_full\02-25-00171-CV MANDAMUS RECORD-1.txt,extracted_text_full\02-25-00171-CV MANDAMUS RECORD-1.json,244,244,always,300,328902,316406,189.03,ok,
2025-12-23 18:07:00,CASE DOCS\02-25-00171-CV_25171CV-1.pdf,extracted_text_full\02-25-00171-CV_25171CV-1.txt,extracted_text_full\02-25-00171-CV_25171CV-1.json,2,2,always,300,702,603,0.91,ok,
2025-12-23 18:07:01,CASE DOCS\02-25-00171-CV_MT REHEAR DISP ORIG PROC CV_FILECOPY-1.pdf,extracted_text_full\02-25-00171-CV_MT REHEAR DISP ORIG PROC CV_FILECOPY-1.txt,extracted_text_full\02-25-00171-CV_MT REHEAR DISP ORIG PROC CV_FILECOPY-1.json,1,1,always,300,668,676,0.61,ok,
2025-12-23 18:07:01,CASE DOCS\02-25-00582-CV_25582CV-1.pdf,extracted_text_full\02-25-00582-CV_25582CV-1.txt,extracted_text_full\02-25-00582-CV_25582CV-1.json,2,2,always,300,646,544,0.91,ok,
2025-12-23 18:07:03,CASE DOCS\02-25-00582-CV_PET MAND FLD_FILECOPY-1.pdf,extracted_text_full\02-25-00582-CV_PET MAND FLD_FILECOPY-1.txt,extracted_text_full\02-25-00582-CV_PET MAND FLD_FILECOPY-1.json,2,2,always,300,1590,1534,1.25,ok,
2025-12-23 18:07:05,CASE DOCS\02.01.24 - Agreed Order to Consolidation-1.pdf,extracted_text_full\02.01.24 - Agreed Order to Consolidation-1.txt,extracted_text_full\02.01.24 - Agreed Order to Consolidation-1.json,3,3,always,300,3218,3131,2.37,ok,
2025-12-23 18:07:10,CASE DOCS\02.01.24 - AJ Report-1.pdf,extracted_text_full\02.01.24 - AJ Report-1.txt,extracted_text_full\02.01.24 - AJ Report-1.json,6,6,always,300,8407,8048,5.03,ok,
2025-12-23 18:07:13,CASE DOCS\02.01.24 - AJ's Report-1.pdf,extracted_text_full\02.01.24 - AJ's Report-1.txt,extracted_text_full\02.01.24 - AJ's Report-1.json,3,3,always,300,2517,1858,2.48,ok,
2025-12-23 18:07:18,CASE DOCS\02.01.24 - AJR-1.pdf,extracted_text_full\02.01.24 - AJR-1.txt,extracted_text_full\02.01.24 - AJR-1.json,6,6,always,300,9243,8520,5.31,ok,
2025-12-23 18:07:22,CASE DOCS\02.01.24 - Defendant's Answer-1.pdf,extracted_text_full\02.01.24 - Defendant's Answer-1.txt,extracted_text_full\02.01.24 - Defendant's Answer-1.json,4,4,always,300,748,7358,4.15,ok,
2025-12-23 18:07:24,CASE DOCS\02.05.2024_NOTICE OF TERMINATION OF LEGAL COUNSEL -BACALIS-1.pdf,extracted_text_full\02.05.2024_NOTICE OF TERMINATION OF LEGAL COUNSEL -BACALIS-1.txt,extracted_text_full\02.05.2024_NOTICE OF TERMINATION OF LEGAL COUNSEL -BACALIS-1.json,3,3,always,300,2531,2377,2.01,ok,
2025-12-23 18:07:26,CASE DOCS\02.05.24 - NOTICE OF TERMINATION OF LEGAL COUNSEL-1.pdf,extracted_text_full\02.05.24 - NOTICE OF TERMINATION OF LEGAL COUNSEL-1.txt,extracted_text_full\02.05.24 - NOTICE OF TERMINATION OF LEGAL COUNSEL-1.json,3,3,always,300,3114,3026,2.02,ok,
2025-12-23 18:07:30,CASE DOCS\02.06.2024_AGREED MOTION FOR WITHDRAWAL OF ATTY BACALIS-1.pdf,extracted_text_full\02.06.2024_AGREED MOTION FOR WITHDRAWAL OF ATTY BACALIS-1.txt,extracted_text_full\02.06.2024_AGREED MOTION FOR WITHDRAWAL OF ATTY BACALIS-1.json,5,5,always,300,4595,4230,3.77,ok,
2025-12-23 18:07:33,CASE DOCS\02.06.24 - Agreed Motion for Withdraw-1.pdf,extracted_text_full\02.06.24 - Agreed Motion for Withdraw-1.txt,extracted_text_full\02.06.24 - Agreed Motion for Withdraw-1.json,4,4,always,300,1513,4268,2.99,ok,
2025-12-23 18:07:36,CASE DOCS\02.06.24 - Agreed Motion for Withdrawal of Attorney-1.pdf,extracted_text_full\02.06.24 - Agreed Motion for Withdrawal of Attorney-1.txt,extracted_text_full\02.06.24 - Agreed Motion for Withdrawal of Attorney-1.json,4,4,always,300,949,3745,2.92,ok,
2025-12-23 18:07:39,CASE DOCS\02.06.24 - Agreed Motion for Withdrawal of Attorney_2694B50A-1.pdf,extracted_text_full\02.06.24 - Agreed Motion for Withdrawal of Attorney_2694B50A-1.txt,extracted_text_full\02.06.24 - Agreed Motion for Withdrawal of Attorney_2694B50A-1.json,4,4,always,300,949,3745,3.12,ok,
2025-12-23 18:07:45,CASE DOCS\02.08.2024_AGREED AJS REPORT FOR TEMP ORDS-1.pdf,extracted_text_full\02.08.2024_AGREED AJS REPORT FOR TEMP ORDS-1.txt,extracted_text_full\02.08.2024_AGREED AJS REPORT FOR TEMP ORDS-1.json,7,7,always,300,9541,8094,6.26,ok,
2025-12-23 18:07:48,CASE DOCS\02.08.2024_AGREED ORDER FOR CONSOLIDATION SIGNED 2124-1.pdf,extracted_text_full\02.08.2024_AGREED ORDER FOR CONSOLIDATION SIGNED 2124-1.txt,extracted_text_full\02.08.2024_AGREED ORDER FOR CONSOLIDATION SIGNED 2124-1.json,4,4,always,300,3416,2956,2.65,ok,
2025-12-23 18:07:50,CASE DOCS\02.08.24 - Agreed Motion to Consolidate-1.pdf,extracted_text_full\02.08.24 - Agreed Motion to Consolidate-1.txt,extracted_text_full\02.08.24 - Agreed Motion to Consolidate-1.json,3,3,always,300,2799,2818,2.2,ok,
2025-12-23 18:07:52,CASE DOCS\02.08.24 - Agreed Order for Consolidation-1-1.pdf,extracted_text_full\02.08.24 - Agreed Order for Consolidation-1-1.txt,extracted_text_full\02.08.24 - Agreed Order for Consolidation-1-1.json,3,3,always,300,2799,2818,2.21,ok,
2025-12-23 18:07:57,CASE DOCS\02.08.24 - Associate Judge's Report-1-1.pdf,extracted_text_full\02.08.24 - Associate Judge's Report-1-1.txt,extracted_text_full\02.08.24 - Associate Judge's Report-1-1.json,6,6,always,300,8407,8048,5.04,ok,
2025-12-23 18:08:02,CASE DOCS\02.08.24 - ASSOCIATE JUDGE'S REPORT-1.pdf,extracted_text_full\02.08.24 - ASSOCIATE JUDGE'S REPORT-1.txt,extracted_text_full\02.08.24 - ASSOCIATE JUDGE'S REPORT-1.json,6,6,always,300,8407,8048,5.15,ok,
2025-12-23 18:08:16,CASE DOCS\02.09-1.pdf,extracted_text_full\02.09-1.txt,extracted_text_full\02.09-1.json,13,13,always,300,28199,22166,13.65,ok,
2025-12-23 18:15:45,CASE DOCS\02-24-00149-CV_24149CV-1.pdf,extracted_text_full\02-24-00149-CV_24149CV-1.txt,extracted_text_full\02-24-00149-CV_24149CV-1.json,,,always,300,,,,skipped,
2025-12-23 18:15:45,CASE DOCS\02-24-00149-CV_24149CV.cor-1.pdf,extracted_text_full\02-24-00149-CV_24149CV.cor-1.txt,extracted_text_full\02-24-00149-CV_24149CV.cor-1.json,,,always,300,,,,skipped,
2025-12-23 18:15:45,CASE DOCS\02-24-00149-CV_24149CV.cor_961223C6-03e9250a-1.pdf,extracted_text_full\02-24-00149-CV_24149CV.cor_961223C6-03e9250a-1.txt,extracted_text_full\02-24-00149-CV_24149CV.cor_961223C6-03e9250a-1.json,,,always,300,,,,skipped,
2025-12-23 18:15:45,CASE DOCS\02-24-00149-CV_24149CV.cor_961223C6-1.pdf,extracted_text_full\02-24-00149-CV_24149CV.cor_961223C6-1.txt,extracted_text_full\02-24-00149-CV_24149CV.cor_961223C6-1.json,,,always,300,,,,skipped,
2025-12-23 18:15:45,CASE DOCS\02-24-00149-CV_CORR OPINION PAGE_FILECOPY_FC8D2EE3-0f787c6f-1.pdf,extracted_text_full\02-24-00149-CV_CORR OPINION PAGE_FILECOPY_FC8D2EE3-0f787c6f-1.txt,extracted_text_full\02-24-00149-CV_CORR OPINION PAGE_FILECOPY_FC8D2EE3-0f787c6f-1.json,,,always,300,,,,skipped,
2025-12-23 18:15:45,CASE DOCS\02-24-00149-CV_MEM OPINION ISSD_OPINION ISSD_FILECOPY-1.pdf,extracted_text_full\02-24-00149-CV_MEM OPINION ISSD_OPINION ISSD_FILECOPY-1.txt,extracted_text_full\02-24-00149-CV_MEM OPINION ISSD_OPINION ISSD_FILECOPY-1.json,,,always,300,,,,skipped,
2025-12-23 18:15:45,CASE DOCS\02-24-00149-CV_MT REHEAR DISP ORIG PROC CV_FILECOPY_BDCA6517-1-1.pdf,extracted_text_full\02-24-00149-CV_MT REHEAR DISP ORIG PROC CV_FILECOPY_BDCA6517-1-1.txt,extracted_text_full\02-24-00149-CV_MT REHEAR DISP ORIG PROC CV_FILECOPY_BDCA6517-1-1.json,,,always,300,,,,skipped,
2025-12-23 18:15:45,CASE DOCS\02-24-00149-CV_MT REHEAR DISP ORIG PROC CV_FILECOPY_BDCA6517-1.pdf,extracted_text_full\02-24-00149-CV_MT REHEAR DISP ORIG PROC CV_FILECOPY_BDCA6517-1.txt,extracted_text_full\02-24-00149-CV_MT REHEAR DISP ORIG PROC CV_FILECOPY_BDCA6517-1.json,,,always,300,,,,skipped,
2025-12-23 18:15:45,CASE DOCS\02-24-00149-CV_PET MAND FLD_FILECOPY (2)-1.pdf,extracted_text_full\02-24-00149-CV_PET MAND FLD_FILECOPY (2)-1.txt,extracted_text_full\02-24-00149-CV_PET MAND FLD_FILECOPY (2)-1.json,,,always,300,,,,skipped,
2025-12-23 18:15:45,CASE DOCS\02-24-00149-CV_PET MAND FLD_FILECOPY (2)_3D0FAE00-07353b0d-1.pdf,extracted_text_full\02-24-00149-CV_PET MAND FLD_FILECOPY (2)_3D0FAE00-07353b0d-1.txt,extracted_text_full\02-24-00149-CV_PET MAND FLD_FILECOPY (2)_3D0FAE00-07353b0d-1.json,,,always,300,,,,skipped,
2025-12-23 18:15:45,CASE DOCS\02-24-00149-CV_PET MAND FLD_FILECOPY (2)_3D0FAE00-1-1.pdf,extracted_text_full\02-24-00149-CV_PET MAND FLD_FILECOPY (2)_3D0FAE00-1-1.txt,extracted_text_full\02-24-00149-CV_PET MAND FLD_FILECOPY (2)_3D0FAE00-1-1.json,,,always,300,,,,skipped,
2025-12-23 18:15:45,CASE DOCS\02-24-00149-CV_PET MAND FLD_FILECOPY (2)_3D0FAE00-1.pdf,extracted_text_full\02-24-00149-CV_PET MAND FLD_FILECOPY (2)_3D0FAE00-1.txt,extracted_text_full\02-24-00149-CV_PET MAND FLD_FILECOPY (2)_3D0FAE00-1.json,,,always,300,,,,skipped,
2025-12-23 18:15:45,CASE DOCS\02-25-00164-CV_25164CV-1.pdf,extracted_text_full\02-25-00164-CV_25164CV-1.txt,extracted_text_full\02-25-00164-CV_25164CV-1.json,,,always,300,,,,skipped,
2025-12-23 18:15:45,CASE DOCS\02-25-00164-CV_MANDAMUS_FILED - 04.10.2025-1.pdf,extracted_text_full\02-25-00164-CV_MANDAMUS_FILED - 04.10.2025-1.txt,extracted_text_full\02-25-00164-CV_MANDAMUS_FILED - 04.10.2025-1.json,,,always,300,,,,skipped,
2025-12-23 18:15:45,CASE DOCS\02-25-00164-CV_MT REHEAR DISP ORIG PROC CV_FILECOPY-1.pdf,extracted_text_full\02-25-00164-CV_MT REHEAR DISP ORIG PROC CV_FILECOPY-1.txt,extracted_text_full\02-25-00164-CV_MT REHEAR DISP ORIG PROC CV_FILECOPY-1.json,,,always,300,,,,skipped,
2025-12-23 18:15:45,CASE DOCS\02-25-00166-CV_25166CV-1.pdf,extracted_text_full\02-25-00166-CV_25166CV-1.txt,extracted_text_full\02-25-00166-CV_25166CV-1.json,,,always,300,,,,skipped,
2025-12-23 18:15:45,CASE DOCS\02-25-00166-CV_MEM OPINION ISSD_OPINION ISSD_FILECOPY-1.pdf,extracted_text_full\02-25-00166-CV_MEM OPINION ISSD_OPINION ISSD_FILECOPY-1.txt,extracted_text_full\02-25-00166-CV_MEM OPINION ISSD_OPINION ISSD_FILECOPY-1.json,,,always,300,,,,skipped,
2025-12-23 18:15:45,CASE DOCS\02-25-00171-CV MANDAMUS RECORD-1.pdf,extracted_text_full\02-25-00171-CV MANDAMUS RECORD-1.txt,extracted_text_full\02-25-00171-CV MANDAMUS RECORD-1.json,,,always,300,,,,skipped,
2025-12-23 18:15:45,CASE DOCS\02-25-00171-CV_25171CV-1.pdf,extracted_text_full\02-25-00171-CV_25171CV-1.txt,extracted_text_full\02-25-00171-CV_25171CV-1.json,,,always,300,,,,skipped,
2025-12-23 18:15:45,CASE DOCS\02-25-00171-CV_MT REHEAR DISP ORIG PROC CV_FILECOPY-1.pdf,extracted_text_full\02-25-00171-CV_MT REHEAR DISP ORIG PROC CV_FILECOPY-1.txt,extracted_text_full\02-25-00171-CV_MT REHEAR DISP ORIG PROC CV_FILECOPY-1.json,,,always,300,,,,skipped,
2025-12-23 18:15:45,CASE DOCS\02-25-00582-CV_25582CV-1.pdf,extracted_text_full\02-25-00582-CV_25582CV-1.txt,extracted_text_full\02-25-00582-CV_25582CV-1.json,,,always,300,,,,skipped,
2025-12-23 18:15:45,CASE DOCS\02-25-00582-CV_PET MAND FLD_FILECOPY-1.pdf,extracted_text_full\02-25-00582-CV_PET MAND FLD_FILECOPY-1.txt,extracted_text_full\02-25-00582-CV_PET MAND FLD_FILECOPY-1.json,,,always,300,,,,skipped,
2025-12-23 18:15:45,CASE DOCS\02.01.24 - Agreed Order to Consolidation-1.pdf,extracted_text_full\02.01.24 - Agreed Order to Consolidation-1.txt,extracted_text_full\02.01.24 - Agreed Order to Consolidation-1.json,,,always,300,,,,skipped,
2025-12-23 18:15:45,CASE DOCS\02.01.24 - AJ Report-1.pdf,extracted_text_full\02.01.24 - AJ Report-1.txt,extracted_text_full\02.01.24 - AJ Report-1.json,,,always,300,,,,skipped,
2025-12-23 18:15:45,CASE DOCS\02.01.24 - AJ's Report-1.pdf,extracted_text_full\02.01.24 - AJ's Report-1.txt,extracted_text_full\02.01.24 - AJ's Report-1.json,,,always,300,,,,skipped,
2025-12-23 18:15:45,CASE DOCS\02.01.24 - AJR-1.pdf,extracted_text_full\02.01.24 - AJR-1.txt,extracted_text_full\02.01.24 - AJR-1.json,,,always,300,,,,skipped,
2025-12-23 18:15:45,CASE DOCS\02.01.24 - Defendant's Answer-1.pdf,extracted_text_full\02.01.24 - Defendant's Answer-1.txt,extracted_text_full\02.01.24 - Defendant's Answer-1.json,,,always,300,,,,skipped,
2025-12-23 18:15:45,CASE DOCS\02.05.2024_NOTICE OF TERMINATION OF LEGAL COUNSEL -BACALIS-1.pdf,extracted_text_full\02.05.2024_NOTICE OF TERMINATION OF LEGAL COUNSEL -BACALIS-1.txt,extracted_text_full\02.05.2024_NOTICE OF TERMINATION OF LEGAL COUNSEL -BACALIS-1.json,,,always,300,,,,skipped,
2025-12-23 18:15:45,CASE DOCS\02.05.24 - NOTICE OF TERMINATION OF LEGAL COUNSEL-1.pdf,extracted_text_full\02.05.24 - NOTICE OF TERMINATION OF LEGAL COUNSEL-1.txt,extracted_text_full\02.05.24 - NOTICE OF TERMINATION OF LEGAL COUNSEL-1.json,,,always,300,,,,skipped,
2025-12-23 18:15:45,CASE DOCS\02.06.2024_AGREED MOTION FOR WITHDRAWAL OF ATTY BACALIS-1.pdf,extracted_text_full\02.06.2024_AGREED MOTION FOR WITHDRAWAL OF ATTY BACALIS-1.txt,extracted_text_full\02.06.2024_AGREED MOTION FOR WITHDRAWAL OF ATTY BACALIS-1.json,,,always,300,,,,skipped,
2025-12-23 18:15:45,CASE DOCS\02.06.24 - Agreed Motion for Withdraw-1.pdf,extracted_text_full\02.06.24 - Agreed Motion for Withdraw-1.txt,extracted_text_full\02.06.24 - Agreed Motion for Withdraw-1.json,,,always,300,,,,skipped,
2025-12-23 18:15:45,CASE DOCS\02.06.24 - Agreed Motion for Withdrawal of Attorney-1.pdf,extracted_text_full\02.06.24 - Agreed Motion for Withdrawal of Attorney-1.txt,extracted_text_full\02.06.24 - Agreed Motion for Withdrawal of Attorney-1.json,,,always,300,,,,skipped,
2025-12-23 18:15:45,CASE DOCS\02.06.24 - Agreed Motion for Withdrawal of Attorney_2694B50A-1.pdf,extracted_text_full\02.06.24 - Agreed Motion for Withdrawal of Attorney_2694B50A-1.txt,extracted_text_full\02.06.24 - Agreed Motion for Withdrawal of Attorney_2694B50A-1.json,,,always,300,,,,skipped,
2025-12-23 18:15:45,CASE DOCS\02.08.2024_AGREED AJS REPORT FOR TEMP ORDS-1.pdf,extracted_text_full\02.08.2024_AGREED AJS REPORT FOR TEMP ORDS-1.txt,extracted_text_full\02.08.2024_AGREED AJS REPORT FOR TEMP ORDS-1.json,,,always,300,,,,skipped,
2025-12-23 18:15:45,CASE DOCS\02.08.2024_AGREED ORDER FOR CONSOLIDATION SIGNED 2124-1.pdf,extracted_text_full\02.08.2024_AGREED ORDER FOR CONSOLIDATION SIGNED 2124-1.txt,extracted_text_full\02.08.2024_AGREED ORDER FOR CONSOLIDATION SIGNED 2124-1.json,,,always,300,,,,skipped,
2025-12-23 18:15:45,CASE DOCS\02.08.24 - Agreed Motion to Consolidate-1.pdf,extracted_text_full\02.08.24 - Agreed Motion to Consolidate-1.txt,extracted_text_full\02.08.24 - Agreed Motion to Consolidate-1.json,,,always,300,,,,skipped,
2025-12-23 18:15:45,CASE DOCS\02.08.24 - Agreed Order for Consolidation-1-1.pdf,extracted_text_full\02.08.24 - Agreed Order for Consolidation-1-1.txt,extracted_text_full\02.08.24 - Agreed Order for Consolidation-1-1.json,,,always,300,,,,skipped,
2025-12-23 18:15:45,CASE DOCS\02.08.24 - Associate Judge's Report-1-1.pdf,extracted_text_full\02.08.24 - Associate Judge's Report-1-1.txt,extracted_text_full\02.08.24 - Associate Judge's Report-1-1.json,,,always,300,,,,skipped,
2025-12-23 18:15:45,CASE DOCS\02.08.24 - ASSOCIATE JUDGE'S REPORT-1.pdf,extracted_text_full\02.08.24 - ASSOCIATE JUDGE'S REPORT-1.txt,extracted_text_full\02.08.24 - ASSOCIATE JUDGE'S REPORT-1.json,,,always,300,,,,skipped,
2025-12-23 18:15:45,CASE DOCS\02.09-1.pdf,extracted_text_full\02.09-1.txt,extracted_text_full\02.09-1.json,,,always,300,,,,skipped,
2025-12-23 18:15:45,CASE DOCS\02.09.2024_EXHIBIT A1 - TEXT RECORDS AND VISUALIZATIONS-1.pdf,extracted_text_full\02.09.2024_EXHIBIT A1 - TEXT RECORDS AND VISUALIZATIONS-1.txt,extracted_text_full\02.09.2024_EXHIBIT A1 - TEXT RECORDS AND VISUALIZATIONS-1.json,,,always,300,,,,skipped,
2025-12-23 18:15:49,CASE DOCS\02.09.2024_EXHIBIT A5 - EVICTION NOTICE TORN-1.pdf,extracted_text_full\02.09.2024_EXHIBIT A5 - EVICTION NOTICE TORN-1.txt,extracted_text_full\02.09.2024_EXHIBIT A5 - EVICTION NOTICE TORN-1.json,4,4,always,300,4484,3840,3.63,ok,
2025-12-23 18:16:02,CASE DOCS\02.09.2024_MTN FOR RECONSIDERATION  TO VACATETEMPORARY ORDS-1.pdf,extracted_text_full\02.09.2024_MTN FOR RECONSIDERATION  TO VACATETEMPORARY ORDS-1.txt,extracted_text_full\02.09.2024_MTN FOR RECONSIDERATION  TO VACATETEMPORARY ORDS-1.json,14,14,always,300,27224,21626,12.53,ok,
2025-12-23 18:16:04,CASE DOCS\02.09.24 -  Exhibit A.5 EVICTION NOTICE-1.pdf,extracted_text_full\02.09.24 -  Exhibit A.5 EVICTION NOTICE-1.txt,extracted_text_full\02.09.24 -  Exhibit A.5 EVICTION NOTICE-1.json,4,4,always,300,114,3664,2.94,ok,
2025-12-23 18:16:06,CASE DOCS\02.09.24 - EMERGENCY MOTION - EXHIBIT A.3-1.pdf,extracted_text_full\02.09.24 - EMERGENCY MOTION - EXHIBIT A.3-1.txt,extracted_text_full\02.09.24 - EMERGENCY MOTION - EXHIBIT A.3-1.json,2,2,always,300,26,1731,1.3,ok,
2025-12-23 18:16:16,CASE DOCS\02.09.24 - EMERGENCY MOTION TO RECONSIDER EVIDENCE AND VACATE TEMPORARY ORDERS-1.pdf,extracted_text_full\02.09.24 - EMERGENCY MOTION TO RECONSIDER EVIDENCE AND VACATE TEMPORARY ORDERS-1.txt,extracted_text_full\02.09.24 - EMERGENCY MOTION TO RECONSIDER EVIDENCE AND VACATE TEMPORARY ORDERS-1.json,13,13,always,300,26540,17593,10.38,ok,
2025-12-23 18:16:27,CASE DOCS\02.09.24 - EMERGENCY MOTION TO RECONSIDER-1.pdf,extracted_text_full\02.09.24 - EMERGENCY MOTION TO RECONSIDER-1.txt,extracted_text_full\02.09.24 - EMERGENCY MOTION TO RECONSIDER-1.json,13,13,always,300,26540,20738,11.21,ok,
2025-12-23 18:16:30,CASE DOCS\02.09.24 - EMERGENCY MOTION TO VACATE.pdf,extracted_text_full\02.09.24 - EMERGENCY MOTION TO VACATE.txt,extracted_text_full\02.09.24 - EMERGENCY MOTION TO VACATE.json,4,4,always,300,3793,3072,2.78,ok,
2025-12-23 18:16:41,CASE DOCS\02.09.24 - EMERGENCY MOTION.pdf,extracted_text_full\02.09.24 - EMERGENCY MOTION.txt,extracted_text_full\02.09.24 - EMERGENCY MOTION.json,13,13,always,300,26540,20738,11.17,ok,
2025-12-23 18:16:47,CASE DOCS\02.09.24 - Exhibit A.2 Text to Papaw-1.pdf,extracted_text_full\02.09.24 - Exhibit A.2 Text to Papaw-1.txt,extracted_text_full\02.09.24 - Exhibit A.2 Text to Papaw-1.json,6,6,always,300,618,4665,5.43,ok,
2025-12-23 18:16:49,CASE DOCS\02.09.24 - Exhibit A.3 Financial Transaction-1.pdf,extracted_text_full\02.09.24 - Exhibit A.3 Financial Transaction-1.txt,extracted_text_full\02.09.24 - Exhibit A.3 Financial Transaction-1.json,3,3,always,300,2134,2013,2.32,ok,
2025-12-23 18:16:54,CASE DOCS\02.09.24 - Exhibit A.4 BANK OVERDRAFT AND BUSINESS ADS-1.pdf,extracted_text_full\02.09.24 - Exhibit A.4 BANK OVERDRAFT AND BUSINESS ADS-1.txt,extracted_text_full\02.09.24 - Exhibit A.4 BANK OVERDRAFT AND BUSINESS ADS-1.json,7,7,always,300,180,3558,4.99,ok,
2025-12-23 18:17:01,CASE DOCS\02.09.24 - Exhibit A.4 Overdrawn Account-1.pdf,extracted_text_full\02.09.24 - Exhibit A.4 Overdrawn Account-1.txt,extracted_text_full\02.09.24 - Exhibit A.4 Overdrawn Account-1.json,8,8,always,300,1631,3744,7.16,ok,
2025-12-23 18:17:14,CASE DOCS\02.09.24 - Exhibit B.1 ORIGINAL PETITION FOR DIVORCE-1.pdf,extracted_text_full\02.09.24 - Exhibit B.1 ORIGINAL PETITION FOR DIVORCE-1.txt,extracted_text_full\02.09.24 - Exhibit B.1 ORIGINAL PETITION FOR DIVORCE-1.json,13,13,always,300,312,22414,12.46,ok,
2025-12-23 18:17:15,CASE DOCS\02.09.24 - Exhibit B.2 Dismissed Eviction-1.pdf,extracted_text_full\02.09.24 - Exhibit B.2 Dismissed Eviction-1.txt,extracted_text_full\02.09.24 - Exhibit B.2 Dismissed Eviction-1.json,2,2,always,300,1332,1245,1.33,ok,
2025-12-23 18:17:30,CASE DOCS\02.09.24 - Exhibit C.1 DEFENDANT'S ORIGINAL ANSWER-1.pdf,extracted_text_full\02.09.24 - Exhibit C.1 DEFENDANT'S ORIGINAL ANSWER-1.txt,extracted_text_full\02.09.24 - Exhibit C.1 DEFENDANT'S ORIGINAL ANSWER-1.json,18,18,always,300,3206,22367,15.3,ok,
2025-12-23 18:17:33,CASE DOCS\02.09.24 - EXHIBIT D - PROPOSED PARENTING PLAN-1.pdf,extracted_text_full\02.09.24 - EXHIBIT D - PROPOSED PARENTING PLAN-1.txt,extracted_text_full\02.09.24 - EXHIBIT D - PROPOSED PARENTING PLAN-1.json,4,4,always,300,136,3543,2.57,ok,
2025-12-23 18:18:39,CASE DOCS\02.09.2024_EXHIBIT A1 - TEXT RECORDS AND VISUALIZATIONS-1.pdf,extracted_text_full\02.09.2024_EXHIBIT A1 - TEXT RECORDS AND VISUALIZATIONS-1.txt,extracted_text_full\02.09.2024_EXHIBIT A1 - TEXT RECORDS AND VISUALIZATIONS-1.json,462,462,always,300,1076021,1080757,622.46,ok,
2025-12-23 18:18:39,CASE DOCS\02.09.2024_EXHIBIT A5 - EVICTION NOTICE TORN-1.pdf,extracted_text_full\02.09.2024_EXHIBIT A5 - EVICTION NOTICE TORN-1.txt,extracted_text_full\02.09.2024_EXHIBIT A5 - EVICTION NOTICE TORN-1.json,,,always,300,,,,skipped,
2025-12-23 18:18:39,CASE DOCS\02.09.2024_MTN FOR RECONSIDERATION  TO VACATETEMPORARY ORDS-1.pdf,extracted_text_full\02.09.2024_MTN FOR RECONSIDERATION  TO VACATETEMPORARY ORDS-1.txt,extracted_text_full\02.09.2024_MTN FOR RECONSIDERATION  TO VACATETEMPORARY ORDS-1.json,,,always,300,,,,skipped,
2025-12-23 18:18:39,CASE DOCS\02.09.24 -  Exhibit A.5 EVICTION NOTICE-1.pdf,extracted_text_full\02.09.24 -  Exhibit A.5 EVICTION NOTICE-1.txt,extracted_text_full\02.09.24 -  Exhibit A.5 EVICTION NOTICE-1.json,,,always,300,,,,skipped,
2025-12-23 18:18:39,CASE DOCS\02.09.24 - EMERGENCY MOTION - EXHIBIT A.3-1.pdf,extracted_text_full\02.09.24 - EMERGENCY MOTION - EXHIBIT A.3-1.txt,extracted_text_full\02.09.24 - EMERGENCY MOTION - EXHIBIT A.3-1.json,,,always,300,,,,skipped,
2025-12-23 18:18:39,CASE DOCS\02.09.24 - EMERGENCY MOTION TO RECONSIDER EVIDENCE AND VACATE TEMPORARY ORDERS-1.pdf,extracted_text_full\02.09.24 - EMERGENCY MOTION TO RECONSIDER EVIDENCE AND VACATE TEMPORARY ORDERS-1.txt,extracted_text_full\02.09.24 - EMERGENCY MOTION TO RECONSIDER EVIDENCE AND VACATE TEMPORARY ORDERS-1.json,,,always,300,,,,skipped,
2025-12-23 18:18:39,CASE DOCS\02.09.24 - EMERGENCY MOTION TO RECONSIDER-1.pdf,extracted_text_full\02.09.24 - EMERGENCY MOTION TO RECONSIDER-1.txt,extracted_text_full\02.09.24 - EMERGENCY MOTION TO RECONSIDER-1.json,,,always,300,,,,skipped,
2025-12-23 18:18:39,CASE DOCS\02.09.24 - EMERGENCY MOTION TO VACATE.pdf,extracted_text_full\02.09.24 - EMERGENCY MOTION TO VACATE.txt,extracted_text_full\02.09.24 - EMERGENCY MOTION TO VACATE.json,,,always,300,,,,skipped,
2025-12-23 18:18:39,CASE DOCS\02.09.24 - EMERGENCY MOTION.pdf,extracted_text_full\02.09.24 - EMERGENCY MOTION.txt,extracted_text_full\02.09.24 - EMERGENCY MOTION.json,,,always,300,,,,skipped,
2025-12-23 18:18:39,CASE DOCS\02.09.24 - Exhibit A.2 Text to Papaw-1.pdf,extracted_text_full\02.09.24 - Exhibit A.2 Text to Papaw-1.txt,extracted_text_full\02.09.24 - Exhibit A.2 Text to Papaw-1.json,,,always,300,,,,skipped,
2025-12-23 18:18:39,CASE DOCS\02.09.24 - Exhibit A.3 Financial Transaction-1.pdf,extracted_text_full\02.09.24 - Exhibit A.3 Financial Transaction-1.txt,extracted_text_full\02.09.24 - Exhibit A.3 Financial Transaction-1.json,,,always,300,,,,skipped,
2025-12-23 18:18:39,CASE DOCS\02.09.24 - Exhibit A.4 BANK OVERDRAFT AND BUSINESS ADS-1.pdf,extracted_text_full\02.09.24 - Exhibit A.4 BANK OVERDRAFT AND BUSINESS ADS-1.txt,extracted_text_full\02.09.24 - Exhibit A.4 BANK OVERDRAFT AND BUSINESS ADS-1.json,,,always,300,,,,skipped,
2025-12-23 18:18:39,CASE DOCS\02.09.24 - Exhibit A.4 Overdrawn Account-1.pdf,extracted_text_full\02.09.24 - Exhibit A.4 Overdrawn Account-1.txt,extracted_text_full\02.09.24 - Exhibit A.4 Overdrawn Account-1.json,,,always,300,,,,skipped,
2025-12-23 18:18:39,CASE DOCS\02.09.24 - Exhibit B.1 ORIGINAL PETITION FOR DIVORCE-1.pdf,extracted_text_full\02.09.24 - Exhibit B.1 ORIGINAL PETITION FOR DIVORCE-1.txt,extracted_text_full\02.09.24 - Exhibit B.1 ORIGINAL PETITION FOR DIVORCE-1.json,,,always,300,,,,skipped,
2025-12-23 18:18:39,CASE DOCS\02.09.24 - Exhibit B.2 Dismissed Eviction-1.pdf,extracted_text_full\02.09.24 - Exhibit B.2 Dismissed Eviction-1.txt,extracted_text_full\02.09.24 - Exhibit B.2 Dismissed Eviction-1.json,,,always,300,,,,skipped,
2025-12-23 18:18:39,CASE DOCS\02.09.24 - Exhibit C.1 DEFENDANT'S ORIGINAL ANSWER-1.pdf,extracted_text_full\02.09.24 - Exhibit C.1 DEFENDANT'S ORIGINAL ANSWER-1.txt,extracted_text_full\02.09.24 - Exhibit C.1 DEFENDANT'S ORIGINAL ANSWER-1.json,,,always,300,,,,skipped,
2025-12-23 18:18:39,CASE DOCS\02.09.24 - EXHIBIT D - PROPOSED PARENTING PLAN-1.pdf,extracted_text_full\02.09.24 - EXHIBIT D - PROPOSED PARENTING PLAN-1.txt,extracted_text_full\02.09.24 - EXHIBIT D - PROPOSED PARENTING PLAN-1.json,,,always,300,,,,skipped,
2025-12-23 18:18:39,CASE DOCS\02.09.25 - Exhibit A.1 TEXTS AND VIZUALIZATIONS-1.pdf,extracted_text_full\02.09.25 - Exhibit A.1 TEXTS AND VIZUALIZATIONS-1.txt,extracted_text_full\02.09.25 - Exhibit A.1 TEXTS AND VIZUALIZATIONS-1.json,,,always,300,,,,skipped,
2025-12-23 18:18:43,CASE DOCS\02.09.25 - Exhibit A.2 TEXT TO PAPAW-1.pdf,extracted_text_full\02.09.25 - Exhibit A.2 TEXT TO PAPAW-1.txt,extracted_text_full\02.09.25 - Exhibit A.2 TEXT TO PAPAW-1.json,5,5,always,300,136,4465,4.26,ok,
2025-12-23 18:18:44,CASE DOCS\02.09.25 - Exhibit A.3 FINANCIAL TRANSACTIONS-1.pdf,extracted_text_full\02.09.25 - Exhibit A.3 FINANCIAL TRANSACTIONS-1.txt,extracted_text_full\02.09.25 - Exhibit A.3 FINANCIAL TRANSACTIONS-1.json,2,2,always,300,70,1777,1.29,ok,
2025-12-23 18:18:45,CASE DOCS\02.09.25 - Exhibit B.2 EVICTION DISMISSAL-1.pdf,extracted_text_full\02.09.25 - Exhibit B.2 EVICTION DISMISSAL-1.txt,extracted_text_full\02.09.25 - Exhibit B.2 EVICTION DISMISSAL-1.json,2,2,always,300,1049,1190,1.18,ok,
2025-12-23 18:18:47,CASE DOCS\02.09.25 - Exhibit B.3 MUNFORD ILLEGAL ORDER-1.pdf,extracted_text_full\02.09.25 - Exhibit B.3 MUNFORD ILLEGAL ORDER-1.txt,extracted_text_full\02.09.25 - Exhibit B.3 MUNFORD ILLEGAL ORDER-1.json,2,2,always,300,1031,1048,1.39,ok,
2025-12-23 18:20:45,CASE DOCS\02.10.25 - EMERGENCY EX-PARTE ORDER-1.pdf,extracted_text_full\02.10.25 - EMERGENCY EX-PARTE ORDER-1.txt,extracted_text_full\02.10.25 - EMERGENCY EX-PARTE ORDER-1.json,109,109,always,300,200396,175420,117.99,ok,
2025-12-23 18:20:47,CASE DOCS\02.12.24 - ORDER FOR WD OF ATTORNEY-1.pdf,extracted_text_full\02.12.24 - ORDER FOR WD OF ATTORNEY-1.txt,extracted_text_full\02.12.24 - ORDER FOR WD OF ATTORNEY-1.json,3,3,always,300,3423,3322,2.75,ok,
2025-12-23 18:21:05,CASE DOCS\02.12.24 - Order of Withdraw (BACALIS)-1.pdf,extracted_text_full\02.12.24 - Order of Withdraw (BACALIS)-1.txt,extracted_text_full\02.12.24 - Order of Withdraw (BACALIS)-1.json,19,19,always,300,24335,19242,17.34,ok,
2025-12-23 18:21:08,CASE DOCS\02.13.24 - Correspondence Cooper Carter-1.pdf,extracted_text_full\02.13.24 - Correspondence Cooper Carter-1.txt,extracted_text_full\02.13.24 - Correspondence Cooper Carter-1.json,3,3,always,300,3349,3340,2.71,ok,
2025-12-23 18:21:11,CASE DOCS\02.14.24 - First COOPER COMMUNICATIONS-1.pdf,extracted_text_full\02.14.24 - First COOPER COMMUNICATIONS-1.txt,extracted_text_full\02.14.24 - First COOPER COMMUNICATIONS-1.json,3,3,always,300,0,3629,3.6,ok,
2025-12-23 18:21:20,CASE DOCS\02.14.24 - RESPONDENT'S ANSWER TO PETITIONERS DIVORCE PETITION-1.pdf,extracted_text_full\02.14.24 - RESPONDENT'S ANSWER TO PETITIONERS DIVORCE PETITION-1.txt,extracted_text_full\02.14.24 - RESPONDENT'S ANSWER TO PETITIONERS DIVORCE PETITION-1.json,8,8,always,300,12583,12134,8.45,ok,
2025-12-23 18:21:39,CASE DOCS\02.20.25 - MOTION TO SIGN-1-1.pdf,extracted_text_full\02.20.25 - MOTION TO SIGN-1-1.txt,extracted_text_full\02.20.25 - MOTION TO SIGN-1-1.json,20,20,always,300,26153,26309,18.93,ok,
2025-12-23 18:21:56,CASE DOCS\02.20.25 - MOTION TO SIGN-1.pdf,extracted_text_full\02.20.25 - MOTION TO SIGN-1.txt,extracted_text_full\02.20.25 - MOTION TO SIGN-1.json,19,19,always,300,25286,25471,17.96,ok,
2025-12-23 18:21:58,CASE DOCS\02.22.2024_PROP ORDER ON MOTION FOR PRETRIAL SUMMARYJUDGMENT-1.pdf,extracted_text_full\02.22.2024_PROP ORDER ON MOTION FOR PRETRIAL SUMMARYJUDGMENT-1.txt,extracted_text_full\02.22.2024_PROP ORDER ON MOTION FOR PRETRIAL SUMMARYJUDGMENT-1.json,2,2,always,300,1864,662,1.19,ok,
2025-12-23 18:22:09,CASE DOCS\02.22.24 - Partial Summary Judgment-1.pdf,extracted_text_full\02.22.24 - Partial Summary Judgment-1.txt,extracted_text_full\02.22.24 - Partial Summary Judgment-1.json,10,10,always,300,20058,19003,11.57,ok,
2025-12-23 18:22:11,CASE DOCS\02.22.24 - PROPOSED ORDER ON MOTION FOR SUMMARY JUDGMENT-1.pdf,extracted_text_full\02.22.24 - PROPOSED ORDER ON MOTION FOR SUMMARY JUDGMENT-1.txt,extracted_text_full\02.22.24 - PROPOSED ORDER ON MOTION FOR SUMMARY JUDGMENT-1.json,2,2,always,300,2739,1479,1.53,ok,
2025-12-23 18:22:14,CASE DOCS\02.22.24 - SUMM JUDGEMENT NOTICE OF HEARING-1.pdf,extracted_text_full\02.22.24 - SUMM JUDGEMENT NOTICE OF HEARING-1.txt,extracted_text_full\02.22.24 - SUMM JUDGEMENT NOTICE OF HEARING-1.json,4,4,always,300,7306,3115,3.1,ok,
2025-12-23 18:22:26,CASE DOCS\02.22.24 - SUMMARY JUDGMENT BRIEF-1.pdf,extracted_text_full\02.22.24 - SUMMARY JUDGMENT BRIEF-1.txt,extracted_text_full\02.22.24 - SUMMARY JUDGMENT BRIEF-1.json,10,10,always,300,21425,20167,12.44,ok,
2025-12-23 18:22:28,CASE DOCS\02.22.24 Order on Motion for Summary Judgment-1.pdf,extracted_text_full\02.22.24 Order on Motion for Summary Judgment-1.txt,extracted_text_full\02.22.24 Order on Motion for Summary Judgment-1.json,2,2,always,300,3021,1701,1.66,ok,
2025-12-23 18:22:40,CASE DOCS\02.24.24 - MOTION FOR SUMMARY JUDGMENT - BRIEF-1.pdf,extracted_text_full\02.24.24 - MOTION FOR SUMMARY JUDGMENT - BRIEF-1.txt,extracted_text_full\02.24.24 - MOTION FOR SUMMARY JUDGMENT - BRIEF-1.json,10,10,always,300,20058,19003,11.69,ok,
2025-12-23 18:22:55,CASE DOCS\02.24.25 - OBJECTION AND REQUEST FOR JUDICIAL NOTICE-1.pdf,extracted_text_full\02.24.25 - OBJECTION AND REQUEST FOR JUDICIAL NOTICE-1.txt,extracted_text_full\02.24.25 - OBJECTION AND REQUEST FOR JUDICIAL NOTICE-1.json,19,19,always,300,20954,20210,15.59,ok,
2025-12-23 18:23:15,CASE DOCS\02.25.2025_MOTION TO SIGN-1.pdf,extracted_text_full\02.25.2025_MOTION TO SIGN-1.txt,extracted_text_full\02.25.2025_MOTION TO SIGN-1.json,21,21,always,300,26606,26183,20.21,ok,
2025-12-23 18:23:32,CASE DOCS\02.25.2025_OBJECTION AND REQUEST FOR JUDICIAL NOTICE-1.pdf,extracted_text_full\02.25.2025_OBJECTION AND REQUEST FOR JUDICIAL NOTICE-1.txt,extracted_text_full\02.25.2025_OBJECTION AND REQUEST FOR JUDICIAL NOTICE-1.json,19,19,always,300,20666,19907,16.09,ok,
2025-12-23 18:23:33,CASE DOCS\02.25.24 Notice of Termination of Legal Counsel-1.pdf,extracted_text_full\02.25.24 Notice of Termination of Legal Counsel-1.txt,extracted_text_full\02.25.24 Notice of Termination of Legal Counsel-1.json,2,2,always,300,2323,2244,1.74,ok,
2025-12-23 18:23:37,CASE DOCS\02.25.25 - Notice Loss of Employmnet-1.pdf,extracted_text_full\02.25.25 - Notice Loss of Employmnet-1.txt,extracted_text_full\02.25.25 - Notice Loss of Employmnet-1.json,6,6,always,300,2708,2727,3.77,ok,
2025-12-23 18:23:38,CASE DOCS\02.25.25 - Proposed Order on Motion to Sign-1.pdf,extracted_text_full\02.25.25 - Proposed Order on Motion to Sign-1.txt,extracted_text_full\02.25.25 - Proposed Order on Motion to Sign-1.json,2,2,always,300,1783,732,1.28,ok,
2025-12-23 18:23:42,CASE DOCS\02.26.25 - UNOPPOSED MOTIONS-1.pdf,extracted_text_full\02.26.25 - UNOPPOSED MOTIONS-1.txt,extracted_text_full\02.26.25 - UNOPPOSED MOTIONS-1.json,3,3,always,300,7104,7166,3.9,ok,
2025-12-23 18:23:47,CASE DOCS\02.27.2024_NOTICE OF HEARING 31424  9AM-1.pdf,extracted_text_full\02.27.2024_NOTICE OF HEARING 31424  9AM-1.txt,extracted_text_full\02.27.2024_NOTICE OF HEARING 31424  9AM-1.json,6,6,always,300,4127,3218,4.35,ok,
2025-12-23 18:23:54,CASE DOCS\02.28.2025_REQUEST FOR RULING-1.pdf,extracted_text_full\02.28.2025_REQUEST FOR RULING-1.txt,extracted_text_full\02.28.2025_REQUEST FOR RULING-1.json,8,8,always,300,9726,9406,7.31,ok,
2025-12-23 18:24:01,CASE DOCS\02.28.25 - REQUEST FOR RULING-1.pdf,extracted_text_full\02.28.25 - REQUEST FOR RULING-1.txt,extracted_text_full\02.28.25 - REQUEST FOR RULING-1.json,8,8,always,300,10298,10088,7.24,ok,
2025-12-23 18:24:05,CASE DOCS\03.03.24 Notice and Unsworn Declaration-1.pdf,extracted_text_full\03.03.24 Notice and Unsworn Declaration-1.txt,extracted_text_full\03.03.24 Notice and Unsworn Declaration-1.json,4,4,always,300,5974,5685,4.14,ok,
2025-12-23 18:24:10,CASE DOCS\03.04.2024_NOTICE  UNSWORN DECLARATION-1.pdf,extracted_text_full\03.04.2024_NOTICE  UNSWORN DECLARATION-1.txt,extracted_text_full\03.04.2024_NOTICE  UNSWORN DECLARATION-1.json,5,5,always,300,6211,5657,4.88,ok,
2025-12-23 18:24:16,CASE DOCS\03.04.2024_REQUIRED INITIAL DISCLOSURES-1.pdf,extracted_text_full\03.04.2024_REQUIRED INITIAL DISCLOSURES-1.txt,extracted_text_full\03.04.2024_REQUIRED INITIAL DISCLOSURES-1.json,7,7,always,300,7341,6878,5.82,ok,
2025-12-23 18:24:23,CASE DOCS\03.05.2025 NOTICE - WATAUGA POLICE DEPT.-1.pdf,extracted_text_full\03.05.2025 NOTICE - WATAUGA POLICE DEPT.-1.txt,extracted_text_full\03.05.2025 NOTICE - WATAUGA POLICE DEPT.-1.json,8,8,always,300,10471,10256,7.3,ok,
2025-12-23 18:24:25,CASE DOCS\03.06.2025_PROPOSED ORDER ON UNOPPOSED MOTION TO DISMISS FOR LACK OF JURISDICTION-1.pdf,extracted_text_full\03.06.2025_PROPOSED ORDER ON UNOPPOSED MOTION TO DISMISS FOR LACK OF JURISDICTION-1.txt,extracted_text_full\03.06.2025_PROPOSED ORDER ON UNOPPOSED MOTION TO DISMISS FOR LACK OF JURISDICTION-1.json,2,2,always,300,1554,611,1.36,ok,
2025-12-23 18:24:29,CASE DOCS\03.06.2025_UNOPPOSED MOTION TO DISMISS FOR LACK OF JURISDICTION-1.pdf,extracted_text_full\03.06.2025_UNOPPOSED MOTION TO DISMISS FOR LACK OF JURISDICTION-1.txt,extracted_text_full\03.06.2025_UNOPPOSED MOTION TO DISMISS FOR LACK OF JURISDICTION-1.json,5,5,always,300,4482,4300,4.12,ok,
2025-12-23 18:24:29,CASE DOCS\03.06.24 - LOCKOUT NOTICE-1.pdf,extracted_text_full\03.06.24 - LOCKOUT NOTICE-1.txt,extracted_text_full\03.06.24 - LOCKOUT NOTICE-1.json,1,1,always,300,0,32,0.57,ok,
2025-12-23 18:24:33,CASE DOCS\03.06.25 - UNOPPOSED MOTION FOR LACK OF JURIS-1.pdf,extracted_text_full\03.06.25 - UNOPPOSED MOTION FOR LACK OF JURIS-1.txt,extracted_text_full\03.06.25 - UNOPPOSED MOTION FOR LACK OF JURIS-1.json,4,4,always,300,4277,4152,3.37,ok,
2025-12-23 18:24:38,CASE DOCS\03.08.2025_EXHIBIT - SETTLEMENT OFFER - DAN BRANTHOOVER-1.pdf,extracted_text_full\03.08.2025_EXHIBIT - SETTLEMENT OFFER - DAN BRANTHOOVER-1.txt,extracted_text_full\03.08.2025_EXHIBIT - SETTLEMENT OFFER - DAN BRANTHOOVER-1.json,4,4,always,300,9977,9898,5.38,ok,
2025-12-23 18:24:44,CASE DOCS\03.09.2025_EXHIBIT - SETTLEMENT OFFER - MARGIE WILSON-1.pdf,extracted_text_full\03.09.2025_EXHIBIT - SETTLEMENT OFFER - MARGIE WILSON-1.txt,extracted_text_full\03.09.2025_EXHIBIT - SETTLEMENT OFFER - MARGIE WILSON-1.json,4,4,always,300,9972,9902,5.41,ok,
2025-12-23 18:24:46,CASE DOCS\03.09.24 - JOHN VARELA AFFIDAVIT-1.pdf,extracted_text_full\03.09.24 - JOHN VARELA AFFIDAVIT-1.txt,extracted_text_full\03.09.24 - JOHN VARELA AFFIDAVIT-1.json,2,2,always,300,336,1692,2.42,ok,
2025-12-23 18:24:50,CASE DOCS\03.10.24 - BRIANA GALBO-1.pdf,extracted_text_full\03.10.24 - BRIANA GALBO-1.txt,extracted_text_full\03.10.24 - BRIANA GALBO-1.json,3,3,always,300,496,3546,3.7,ok,
2025-12-23 18:24:53,CASE DOCS\03.10.24 - CHRISTIAN VROOM AFFIDAVIT-1.pdf,extracted_text_full\03.10.24 - CHRISTIAN VROOM AFFIDAVIT-1.txt,extracted_text_full\03.10.24 - CHRISTIAN VROOM AFFIDAVIT-1.json,2,2,always,300,334,2910,3.28,ok,
2025-12-23 18:25:06,CASE DOCS\03.11.2025_NOTICE OF CONTINUED OBSTRUCTION-1.pdf,extracted_text_full\03.11.2025_NOTICE OF CONTINUED OBSTRUCTION-1.txt,extracted_text_full\03.11.2025_NOTICE OF CONTINUED OBSTRUCTION-1.json,14,14,always,300,14267,13866,12.59,ok,
2025-12-23 18:25:09,CASE DOCS\03.11.24 - AARON WATSON-1.pdf,extracted_text_full\03.11.24 - AARON WATSON-1.txt,extracted_text_full\03.11.24 - AARON WATSON-1.json,2,2,always,300,313,3569,3.23,ok,
2025-12-23 18:25:11,CASE DOCS\03.11.24 - DANNY SLADE-1.pdf,extracted_text_full\03.11.24 - DANNY SLADE-1.txt,extracted_text_full\03.11.24 - DANNY SLADE-1.json,2,2,always,300,334,2396,2.62,ok,
2025-12-23 18:25:22,CASE DOCS\03.11.25 - NOTICE OF CONTINUED OBSTRUCTION-1.pdf,extracted_text_full\03.11.25 - NOTICE OF CONTINUED OBSTRUCTION-1.txt,extracted_text_full\03.11.25 - NOTICE OF CONTINUED OBSTRUCTION-1.json,12,12,always,300,12676,12568,10.36,ok,
2025-12-23 18:25:33,CASE DOCS\03.12.25 - NOTICE OF CONTINUED OBSTRUCTION-1.pdf,extracted_text_full\03.12.25 - NOTICE OF CONTINUED OBSTRUCTION-1.txt,extracted_text_full\03.12.25 - NOTICE OF CONTINUED OBSTRUCTION-1.json,13,13,always,300,13619,13496,11.38,ok,
2025-12-23 18:26:01,CASE DOCS\03.12.25 - REQUEST TO SET UN-OPPOSED SUMMARY JUDGMENT AND UN-OPPOSED RULE 12 MOTIONS FOR SUBMISSION-1.pdf,extracted_text_full\03.12.25 - REQUEST TO SET UN-OPPOSED SUMMARY JUDGMENT AND UN-OPPOSED RULE 12 MOTIONS FOR SUBMISSION-1.txt,extracted_text_full\03.12.25 - REQUEST TO SET UN-OPPOSED SUMMARY JUDGMENT AND UN-OPPOSED RULE 12 MOTIONS FOR SUBMISSION-1.json,30,30,always,300,44017,37714,28.06,ok,
2025-12-23 18:26:22,CASE DOCS\03.13.20 OAG PAY SCHEDULE-1.pdf,extracted_text_full\03.13.20 OAG PAY SCHEDULE-1.txt,extracted_text_full\03.13.20 OAG PAY SCHEDULE-1.json,13,13,always,300,55850,15124,21.01,ok,
2025-12-23 18:26:25,CASE DOCS\03.13.24 - LUZ OBLE-1.pdf,extracted_text_full\03.13.24 - LUZ OBLE-1.txt,extracted_text_full\03.13.24 - LUZ OBLE-1.json,2,2,always,300,336,2741,2.9,ok,
2025-12-23 18:26:32,CASE DOCS\03.13.24 - NICHOLAS MORVAN-1.pdf,extracted_text_full\03.13.24 - NICHOLAS MORVAN-1.txt,extracted_text_full\03.13.24 - NICHOLAS MORVAN-1.json,3,3,always,300,109,2762,6.49,ok,
2025-12-23 18:26:39,CASE DOCS\03.13.24 - QUICKSILVER STATEMENT-1.pdf,extracted_text_full\03.13.24 - QUICKSILVER STATEMENT-1.txt,extracted_text_full\03.13.24 - QUICKSILVER STATEMENT-1.json,4,4,always,300,14445,14216,7.17,ok,
2025-12-23 18:26:41,CASE DOCS\03.14.2024_ASSOCIATE JUDGE REPORT-1.pdf,extracted_text_full\03.14.2024_ASSOCIATE JUDGE REPORT-1.txt,extracted_text_full\03.14.2024_ASSOCIATE JUDGE REPORT-1.json,3,3,always,300,1945,2008,2.54,ok,
2025-12-23 18:26:54,CASE DOCS\03.14.2025_NOTICE OF SUBMISSION-1.pdf,extracted_text_full\03.14.2025_NOTICE OF SUBMISSION-1.txt,extracted_text_full\03.14.2025_NOTICE OF SUBMISSION-1.json,13,13,always,300,16974,14702,13.09,ok,
2025-12-23 18:28:50,CASE DOCS\02.09.25 - Exhibit A.1 TEXTS AND VIZUALIZATIONS-1.pdf,extracted_text_full\02.09.25 - Exhibit A.1 TEXTS AND VIZUALIZATIONS-1.txt,extracted_text_full\02.09.25 - Exhibit A.1 TEXTS AND VIZUALIZATIONS-1.json,458,458,always,300,1058307,1066958,677.54,ok,
2025-12-23 18:28:50,CASE DOCS\02.09.25 - Exhibit A.2 TEXT TO PAPAW-1.pdf,extracted_text_full\02.09.25 - Exhibit A.2 TEXT TO PAPAW-1.txt,extracted_text_full\02.09.25 - Exhibit A.2 TEXT TO PAPAW-1.json,,,always,300,,,,skipped,
2025-12-23 18:28:50,CASE DOCS\02.09.25 - Exhibit A.3 FINANCIAL TRANSACTIONS-1.pdf,extracted_text_full\02.09.25 - Exhibit A.3 FINANCIAL TRANSACTIONS-1.txt,extracted_text_full\02.09.25 - Exhibit A.3 FINANCIAL TRANSACTIONS-1.json,,,always,300,,,,skipped,
2025-12-23 18:28:50,CASE DOCS\02.09.25 - Exhibit B.2 EVICTION DISMISSAL-1.pdf,extracted_text_full\02.09.25 - Exhibit B.2 EVICTION DISMISSAL-1.txt,extracted_text_full\02.09.25 - Exhibit B.2 EVICTION DISMISSAL-1.json,,,always,300,,,,skipped,
2025-12-23 18:28:50,CASE DOCS\02.09.25 - Exhibit B.3 MUNFORD ILLEGAL ORDER-1.pdf,extracted_text_full\02.09.25 - Exhibit B.3 MUNFORD ILLEGAL ORDER-1.txt,extracted_text_full\02.09.25 - Exhibit B.3 MUNFORD ILLEGAL ORDER-1.json,,,always,300,,,,skipped,
2025-12-23 18:28:50,CASE DOCS\02.10.25 - EMERGENCY EX-PARTE ORDER-1.pdf,extracted_text_full\02.10.25 - EMERGENCY EX-PARTE ORDER-1.txt,extracted_text_full\02.10.25 - EMERGENCY EX-PARTE ORDER-1.json,,,always,300,,,,skipped,
2025-12-23 18:28:50,CASE DOCS\02.12.24 - ORDER FOR WD OF ATTORNEY-1.pdf,extracted_text_full\02.12.24 - ORDER FOR WD OF ATTORNEY-1.txt,extracted_text_full\02.12.24 - ORDER FOR WD OF ATTORNEY-1.json,,,always,300,,,,skipped,
2025-12-23 18:28:50,CASE DOCS\02.12.24 - Order of Withdraw (BACALIS)-1.pdf,extracted_text_full\02.12.24 - Order of Withdraw (BACALIS)-1.txt,extracted_text_full\02.12.24 - Order of Withdraw (BACALIS)-1.json,,,always,300,,,,skipped,
2025-12-23 18:28:50,CASE DOCS\02.13.24 - Correspondence Cooper Carter-1.pdf,extracted_text_full\02.13.24 - Correspondence Cooper Carter-1.txt,extracted_text_full\02.13.24 - Correspondence Cooper Carter-1.json,,,always,300,,,,skipped,
2025-12-23 18:28:50,CASE DOCS\02.14.24 - First COOPER COMMUNICATIONS-1.pdf,extracted_text_full\02.14.24 - First COOPER COMMUNICATIONS-1.txt,extracted_text_full\02.14.24 - First COOPER COMMUNICATIONS-1.json,,,always,300,,,,skipped,
2025-12-23 18:28:50,CASE DOCS\02.14.24 - RESPONDENT'S ANSWER TO PETITIONERS DIVORCE PETITION-1.pdf,extracted_text_full\02.14.24 - RESPONDENT'S ANSWER TO PETITIONERS DIVORCE PETITION-1.txt,extracted_text_full\02.14.24 - RESPONDENT'S ANSWER TO PETITIONERS DIVORCE PETITION-1.json,,,always,300,,,,skipped,
2025-12-23 18:28:50,CASE DOCS\02.20.25 - MOTION TO SIGN-1-1.pdf,extracted_text_full\02.20.25 - MOTION TO SIGN-1-1.txt,extracted_text_full\02.20.25 - MOTION TO SIGN-1-1.json,,,always,300,,,,skipped,
2025-12-23 18:28:50,CASE DOCS\02.20.25 - MOTION TO SIGN-1.pdf,extracted_text_full\02.20.25 - MOTION TO SIGN-1.txt,extracted_text_full\02.20.25 - MOTION TO SIGN-1.json,,,always,300,,,,skipped,
2025-12-23 18:28:50,CASE DOCS\02.22.2024_PROP ORDER ON MOTION FOR PRETRIAL SUMMARYJUDGMENT-1.pdf,extracted_text_full\02.22.2024_PROP ORDER ON MOTION FOR PRETRIAL SUMMARYJUDGMENT-1.txt,extracted_text_full\02.22.2024_PROP ORDER ON MOTION FOR PRETRIAL SUMMARYJUDGMENT-1.json,,,always,300,,,,skipped,
2025-12-23 18:28:50,CASE DOCS\02.22.24 - Partial Summary Judgment-1.pdf,extracted_text_full\02.22.24 - Partial Summary Judgment-1.txt,extracted_text_full\02.22.24 - Partial Summary Judgment-1.json,,,always,300,,,,skipped,
2025-12-23 18:28:50,CASE DOCS\02.22.24 - PROPOSED ORDER ON MOTION FOR SUMMARY JUDGMENT-1.pdf,extracted_text_full\02.22.24 - PROPOSED ORDER ON MOTION FOR SUMMARY JUDGMENT-1.txt,extracted_text_full\02.22.24 - PROPOSED ORDER ON MOTION FOR SUMMARY JUDGMENT-1.json,,,always,300,,,,skipped,
2025-12-23 18:28:50,CASE DOCS\02.22.24 - SUMM JUDGEMENT NOTICE OF HEARING-1.pdf,extracted_text_full\02.22.24 - SUMM JUDGEMENT NOTICE OF HEARING-1.txt,extracted_text_full\02.22.24 - SUMM JUDGEMENT NOTICE OF HEARING-1.json,,,always,300,,,,skipped,
2025-12-23 18:28:50,CASE DOCS\02.22.24 - SUMMARY JUDGMENT BRIEF-1.pdf,extracted_text_full\02.22.24 - SUMMARY JUDGMENT BRIEF-1.txt,extracted_text_full\02.22.24 - SUMMARY JUDGMENT BRIEF-1.json,,,always,300,,,,skipped,
2025-12-23 18:28:50,CASE DOCS\02.22.24 Order on Motion for Summary Judgment-1.pdf,extracted_text_full\02.22.24 Order on Motion for Summary Judgment-1.txt,extracted_text_full\02.22.24 Order on Motion for Summary Judgment-1.json,,,always,300,,,,skipped,
2025-12-23 18:28:50,CASE DOCS\02.24.24 - MOTION FOR SUMMARY JUDGMENT - BRIEF-1.pdf,extracted_text_full\02.24.24 - MOTION FOR SUMMARY JUDGMENT - BRIEF-1.txt,extracted_text_full\02.24.24 - MOTION FOR SUMMARY JUDGMENT - BRIEF-1.json,,,always,300,,,,skipped,
2025-12-23 18:28:50,CASE DOCS\02.24.25 - OBJECTION AND REQUEST FOR JUDICIAL NOTICE-1.pdf,extracted_text_full\02.24.25 - OBJECTION AND REQUEST FOR JUDICIAL NOTICE-1.txt,extracted_text_full\02.24.25 - OBJECTION AND REQUEST FOR JUDICIAL NOTICE-1.json,,,always,300,,,,skipped,
2025-12-23 18:28:50,CASE DOCS\02.25.2025_MOTION TO SIGN-1.pdf,extracted_text_full\02.25.2025_MOTION TO SIGN-1.txt,extracted_text_full\02.25.2025_MOTION TO SIGN-1.json,,,always,300,,,,skipped,
2025-12-23 18:28:50,CASE DOCS\02.25.2025_OBJECTION AND REQUEST FOR JUDICIAL NOTICE-1.pdf,extracted_text_full\02.25.2025_OBJECTION AND REQUEST FOR JUDICIAL NOTICE-1.txt,extracted_text_full\02.25.2025_OBJECTION AND REQUEST FOR JUDICIAL NOTICE-1.json,,,always,300,,,,skipped,
2025-12-23 18:28:50,CASE DOCS\02.25.24 Notice of Termination of Legal Counsel-1.pdf,extracted_text_full\02.25.24 Notice of Termination of Legal Counsel-1.txt,extracted_text_full\02.25.24 Notice of Termination of Legal Counsel-1.json,,,always,300,,,,skipped,
2025-12-23 18:28:50,CASE DOCS\02.25.25 - Notice Loss of Employmnet-1.pdf,extracted_text_full\02.25.25 - Notice Loss of Employmnet-1.txt,extracted_text_full\02.25.25 - Notice Loss of Employmnet-1.json,,,always,300,,,,skipped,
2025-12-23 18:28:50,CASE DOCS\02.25.25 - Proposed Order on Motion to Sign-1.pdf,extracted_text_full\02.25.25 - Proposed Order on Motion to Sign-1.txt,extracted_text_full\02.25.25 - Proposed Order on Motion to Sign-1.json,,,always,300,,,,skipped,
2025-12-23 18:28:50,CASE DOCS\02.26.25 - UNOPPOSED MOTIONS-1.pdf,extracted_text_full\02.26.25 - UNOPPOSED MOTIONS-1.txt,extracted_text_full\02.26.25 - UNOPPOSED MOTIONS-1.json,,,always,300,,,,skipped,
2025-12-23 18:28:50,CASE DOCS\02.27.2024_NOTICE OF HEARING 31424  9AM-1.pdf,extracted_text_full\02.27.2024_NOTICE OF HEARING 31424  9AM-1.txt,extracted_text_full\02.27.2024_NOTICE OF HEARING 31424  9AM-1.json,,,always,300,,,,skipped,
2025-12-23 18:28:50,CASE DOCS\02.28.2025_REQUEST FOR RULING-1.pdf,extracted_text_full\02.28.2025_REQUEST FOR RULING-1.txt,extracted_text_full\02.28.2025_REQUEST FOR RULING-1.json,,,always,300,,,,skipped,
2025-12-23 18:28:50,CASE DOCS\02.28.25 - REQUEST FOR RULING-1.pdf,extracted_text_full\02.28.25 - REQUEST FOR RULING-1.txt,extracted_text_full\02.28.25 - REQUEST FOR RULING-1.json,,,always,300,,,,skipped,
2025-12-23 18:28:50,CASE DOCS\03.03.24 Notice and Unsworn Declaration-1.pdf,extracted_text_full\03.03.24 Notice and Unsworn Declaration-1.txt,extracted_text_full\03.03.24 Notice and Unsworn Declaration-1.json,,,always,300,,,,skipped,
2025-12-23 18:28:50,CASE DOCS\03.04.2024_NOTICE  UNSWORN DECLARATION-1.pdf,extracted_text_full\03.04.2024_NOTICE  UNSWORN DECLARATION-1.txt,extracted_text_full\03.04.2024_NOTICE  UNSWORN DECLARATION-1.json,,,always,300,,,,skipped,
2025-12-23 18:28:50,CASE DOCS\03.04.2024_REQUIRED INITIAL DISCLOSURES-1.pdf,extracted_text_full\03.04.2024_REQUIRED INITIAL DISCLOSURES-1.txt,extracted_text_full\03.04.2024_REQUIRED INITIAL DISCLOSURES-1.json,,,always,300,,,,skipped,
2025-12-23 18:28:50,CASE DOCS\03.05.2025 NOTICE - WATAUGA POLICE DEPT.-1.pdf,extracted_text_full\03.05.2025 NOTICE - WATAUGA POLICE DEPT.-1.txt,extracted_text_full\03.05.2025 NOTICE - WATAUGA POLICE DEPT.-1.json,,,always,300,,,,skipped,
2025-12-23 18:28:50,CASE DOCS\03.06.2025_PROPOSED ORDER ON UNOPPOSED MOTION TO DISMISS FOR LACK OF JURISDICTION-1.pdf,extracted_text_full\03.06.2025_PROPOSED ORDER ON UNOPPOSED MOTION TO DISMISS FOR LACK OF JURISDICTION-1.txt,extracted_text_full\03.06.2025_PROPOSED ORDER ON UNOPPOSED MOTION TO DISMISS FOR LACK OF JURISDICTION-1.json,,,always,300,,,,skipped,
2025-12-23 18:28:50,CASE DOCS\03.06.2025_UNOPPOSED MOTION TO DISMISS FOR LACK OF JURISDICTION-1.pdf,extracted_text_full\03.06.2025_UNOPPOSED MOTION TO DISMISS FOR LACK OF JURISDICTION-1.txt,extracted_text_full\03.06.2025_UNOPPOSED MOTION TO DISMISS FOR LACK OF JURISDICTION-1.json,,,always,300,,,,skipped,
2025-12-23 18:28:50,CASE DOCS\03.06.24 - LOCKOUT NOTICE-1.pdf,extracted_text_full\03.06.24 - LOCKOUT NOTICE-1.txt,extracted_text_full\03.06.24 - LOCKOUT NOTICE-1.json,,,always,300,,,,skipped,
2025-12-23 18:28:50,CASE DOCS\03.06.25 - UNOPPOSED MOTION FOR LACK OF JURIS-1.pdf,extracted_text_full\03.06.25 - UNOPPOSED MOTION FOR LACK OF JURIS-1.txt,extracted_text_full\03.06.25 - UNOPPOSED MOTION FOR LACK OF JURIS-1.json,,,always,300,,,,skipped,
2025-12-23 18:28:50,CASE DOCS\03.08.2025_EXHIBIT - SETTLEMENT OFFER - DAN BRANTHOOVER-1.pdf,extracted_text_full\03.08.2025_EXHIBIT - SETTLEMENT OFFER - DAN BRANTHOOVER-1.txt,extracted_text_full\03.08.2025_EXHIBIT - SETTLEMENT OFFER - DAN BRANTHOOVER-1.json,,,always,300,,,,skipped,
2025-12-23 18:28:50,CASE DOCS\03.09.2025_EXHIBIT - SETTLEMENT OFFER - MARGIE WILSON-1.pdf,extracted_text_full\03.09.2025_EXHIBIT - SETTLEMENT OFFER - MARGIE WILSON-1.txt,extracted_text_full\03.09.2025_EXHIBIT - SETTLEMENT OFFER - MARGIE WILSON-1.json,,,always,300,,,,skipped,
2025-12-23 18:28:50,CASE DOCS\03.09.24 - JOHN VARELA AFFIDAVIT-1.pdf,extracted_text_full\03.09.24 - JOHN VARELA AFFIDAVIT-1.txt,extracted_text_full\03.09.24 - JOHN VARELA AFFIDAVIT-1.json,,,always,300,,,,skipped,
2025-12-23 18:28:50,CASE DOCS\03.10.24 - BRIANA GALBO-1.pdf,extracted_text_full\03.10.24 - BRIANA GALBO-1.txt,extracted_text_full\03.10.24 - BRIANA GALBO-1.json,,,always,300,,,,skipped,
2025-12-23 18:28:50,CASE DOCS\03.10.24 - CHRISTIAN VROOM AFFIDAVIT-1.pdf,extracted_text_full\03.10.24 - CHRISTIAN VROOM AFFIDAVIT-1.txt,extracted_text_full\03.10.24 - CHRISTIAN VROOM AFFIDAVIT-1.json,,,always,300,,,,skipped,
2025-12-23 18:28:50,CASE DOCS\03.11.2025_NOTICE OF CONTINUED OBSTRUCTION-1.pdf,extracted_text_full\03.11.2025_NOTICE OF CONTINUED OBSTRUCTION-1.txt,extracted_text_full\03.11.2025_NOTICE OF CONTINUED OBSTRUCTION-1.json,,,always,300,,,,skipped,
2025-12-23 18:28:50,CASE DOCS\03.11.24 - AARON WATSON-1.pdf,extracted_text_full\03.11.24 - AARON WATSON-1.txt,extracted_text_full\03.11.24 - AARON WATSON-1.json,,,always,300,,,,skipped,
2025-12-23 18:28:50,CASE DOCS\03.11.24 - DANNY SLADE-1.pdf,extracted_text_full\03.11.24 - DANNY SLADE-1.txt,extracted_text_full\03.11.24 - DANNY SLADE-1.json,,,always,300,,,,skipped,
2025-12-23 18:28:50,CASE DOCS\03.11.25 - NOTICE OF CONTINUED OBSTRUCTION-1.pdf,extracted_text_full\03.11.25 - NOTICE OF CONTINUED OBSTRUCTION-1.txt,extracted_text_full\03.11.25 - NOTICE OF CONTINUED OBSTRUCTION-1.json,,,always,300,,,,skipped,
2025-12-23 18:28:50,CASE DOCS\03.12.25 - NOTICE OF CONTINUED OBSTRUCTION-1.pdf,extracted_text_full\03.12.25 - NOTICE OF CONTINUED OBSTRUCTION-1.txt,extracted_text_full\03.12.25 - NOTICE OF CONTINUED OBSTRUCTION-1.json,,,always,300,,,,skipped,
2025-12-23 18:28:50,CASE DOCS\03.12.25 - REQUEST TO SET UN-OPPOSED SUMMARY JUDGMENT AND UN-OPPOSED RULE 12 MOTIONS FOR SUBMISSION-1.pdf,extracted_text_full\03.12.25 - REQUEST TO SET UN-OPPOSED SUMMARY JUDGMENT AND UN-OPPOSED RULE 12 MOTIONS FOR SUBMISSION-1.txt,extracted_text_full\03.12.25 - REQUEST TO SET UN-OPPOSED SUMMARY JUDGMENT AND UN-OPPOSED RULE 12 MOTIONS FOR SUBMISSION-1.json,,,always,300,,,,skipped,
2025-12-23 18:28:50,CASE DOCS\03.13.20 OAG PAY SCHEDULE-1.pdf,extracted_text_full\03.13.20 OAG PAY SCHEDULE-1.txt,extracted_text_full\03.13.20 OAG PAY SCHEDULE-1.json,,,always,300,,,,skipped,
2025-12-23 18:28:50,CASE DOCS\03.13.24 - LUZ OBLE-1.pdf,extracted_text_full\03.13.24 - LUZ OBLE-1.txt,extracted_text_full\03.13.24 - LUZ OBLE-1.json,,,always,300,,,,skipped,
2025-12-23 18:28:50,CASE DOCS\03.13.24 - NICHOLAS MORVAN-1.pdf,extracted_text_full\03.13.24 - NICHOLAS MORVAN-1.txt,extracted_text_full\03.13.24 - NICHOLAS MORVAN-1.json,,,always,300,,,,skipped,
2025-12-23 18:28:50,CASE DOCS\03.13.24 - QUICKSILVER STATEMENT-1.pdf,extracted_text_full\03.13.24 - QUICKSILVER STATEMENT-1.txt,extracted_text_full\03.13.24 - QUICKSILVER STATEMENT-1.json,,,always,300,,,,skipped,
2025-12-23 18:28:50,CASE DOCS\03.14.2024_ASSOCIATE JUDGE REPORT-1.pdf,extracted_text_full\03.14.2024_ASSOCIATE JUDGE REPORT-1.txt,extracted_text_full\03.14.2024_ASSOCIATE JUDGE REPORT-1.json,,,always,300,,,,skipped,
2025-12-23 18:28:50,CASE DOCS\03.14.2025_NOTICE OF SUBMISSION-1.pdf,extracted_text_full\03.14.2025_NOTICE OF SUBMISSION-1.txt,extracted_text_full\03.14.2025_NOTICE OF SUBMISSION-1.json,,,always,300,,,,skipped,
2025-12-23 18:28:50,CASE DOCS\03.14.24 - AJ Rep-1.pdf,extracted_text_full\03.14.24 - AJ Rep-1.txt,extracted_text_full\03.14.24 - AJ Rep-1.json,,,always,300,,,,skipped,
2025-12-23 18:28:52,CASE DOCS\03.14.24 - AJR-1.pdf,extracted_text_full\03.14.24 - AJR-1.txt,extracted_text_full\03.14.24 - AJR-1.json,1,1,always,300,176,722,1.5,ok,
2025-12-23 18:28:53,CASE DOCS\03.14.24 - APPEARANCE Charles Dustin Myers-1.pdf,extracted_text_full\03.14.24 - APPEARANCE Charles Dustin Myers-1.txt,extracted_text_full\03.14.24 - APPEARANCE Charles Dustin Myers-1.json,1,1,always,300,132,126,0.53,ok,
2025-12-23 18:28:54,CASE DOCS\03.14.24 - ASSOCIATE JUDGE REPORT-1.pdf,extracted_text_full\03.14.24 - ASSOCIATE JUDGE REPORT-1.txt,extracted_text_full\03.14.24 - ASSOCIATE JUDGE REPORT-1.json,1,1,always,300,14,813,1.44,ok,
2025-12-23 18:28:55,CASE DOCS\03.14.24 - Associate Judge's Report-1.pdf,extracted_text_full\03.14.24 - Associate Judge's Report-1.txt,extracted_text_full\03.14.24 - Associate Judge's Report-1.json,1,1,always,300,36,828,1.51,ok,
2025-12-23 18:29:22,CASE DOCS\03.14.24 - AJ Rep-1.pdf,extracted_text_full\03.14.24 - AJ Rep-1.txt,extracted_text_full\03.14.24 - AJ Rep-1.json,133,133,always,300,187284,176952,147.87,ok,
2025-12-23 18:29:22,CASE DOCS\03.14.24 - AJR-1.pdf,extracted_text_full\03.14.24 - AJR-1.txt,extracted_text_full\03.14.24 - AJR-1.json,,,always,300,,,,skipped,
2025-12-23 18:29:22,CASE DOCS\03.14.24 - APPEARANCE Charles Dustin Myers-1.pdf,extracted_text_full\03.14.24 - APPEARANCE Charles Dustin Myers-1.txt,extracted_text_full\03.14.24 - APPEARANCE Charles Dustin Myers-1.json,,,always,300,,,,skipped,
2025-12-23 18:29:22,CASE DOCS\03.14.24 - ASSOCIATE JUDGE REPORT-1.pdf,extracted_text_full\03.14.24 - ASSOCIATE JUDGE REPORT-1.txt,extracted_text_full\03.14.24 - ASSOCIATE JUDGE REPORT-1.json,,,always,300,,,,skipped,
2025-12-23 18:29:22,CASE DOCS\03.14.24 - Associate Judge's Report-1.pdf,extracted_text_full\03.14.24 - Associate Judge's Report-1.txt,extracted_text_full\03.14.24 - Associate Judge's Report-1.json,,,always,300,,,,skipped,
2025-12-23 18:29:22,CASE DOCS\03.14.24 - TEMP ORDERS REDACTED-1.pdf,extracted_text_full\03.14.24 - TEMP ORDERS REDACTED-1.txt,extracted_text_full\03.14.24 - TEMP ORDERS REDACTED-1.json,,,always,300,,,,skipped,
2025-12-23 18:29:55,CASE DOCS\03.14.24 - TEMP ORDERS REDACTED-1.pdf,extracted_text_full\03.14.24 - TEMP ORDERS REDACTED-1.txt,extracted_text_full\03.14.24 - TEMP ORDERS REDACTED-1.json,40,40,always,300,80201,77950,59.91,ok,
2025-12-23 18:29:55,CASE DOCS\03.14.24 - Temporary Orders-1.pdf,extracted_text_full\03.14.24 - Temporary Orders-1.txt,extracted_text_full\03.14.24 - Temporary Orders-1.json,,,always,300,,,,skipped,
2025-12-23 18:30:03,CASE DOCS\03.14.25 - BAKER JUDGE REINSTATEMENTS-1.pdf,extracted_text_full\03.14.25 - BAKER JUDGE REINSTATEMENTS-1.txt,extracted_text_full\03.14.25 - BAKER JUDGE REINSTATEMENTS-1.json,5,5,always,300,13089,13202,7.34,ok,
2025-12-23 18:30:09,CASE DOCS\03.14.25 - Notice of UNOPPOSED DWOP-1.pdf,extracted_text_full\03.14.25 - Notice of UNOPPOSED DWOP-1.txt,extracted_text_full\03.14.25 - Notice of UNOPPOSED DWOP-1.json,8,8,always,300,6314,6740,6.34,ok,
2025-12-23 18:30:16,CASE DOCS\03.14.25 - SUMMARY JUDGEMENT EMAIL BAKER-1.pdf,extracted_text_full\03.14.25 - SUMMARY JUDGEMENT EMAIL BAKER-1.txt,extracted_text_full\03.14.25 - SUMMARY JUDGEMENT EMAIL BAKER-1.json,5,5,always,300,13089,13202,7.15,ok,
2025-12-23 18:30:21,CASE DOCS\03.14.24 - Temporary Orders-1.pdf,extracted_text_full\03.14.24 - Temporary Orders-1.txt,extracted_text_full\03.14.24 - Temporary Orders-1.json,38,38,always,300,0,71829,58.65,ok,
2025-12-23 18:30:21,CASE DOCS\03.14.25 - BAKER JUDGE REINSTATEMENTS-1.pdf,extracted_text_full\03.14.25 - BAKER JUDGE REINSTATEMENTS-1.txt,extracted_text_full\03.14.25 - BAKER JUDGE REINSTATEMENTS-1.json,,,always,300,,,,skipped,
2025-12-23 18:30:21,CASE DOCS\03.14.25 - Notice of UNOPPOSED DWOP-1.pdf,extracted_text_full\03.14.25 - Notice of UNOPPOSED DWOP-1.txt,extracted_text_full\03.14.25 - Notice of UNOPPOSED DWOP-1.json,,,always,300,,,,skipped,
2025-12-23 18:30:21,CASE DOCS\03.14.25 - SUMMARY JUDGEMENT EMAIL BAKER-1.pdf,extracted_text_full\03.14.25 - SUMMARY JUDGEMENT EMAIL BAKER-1.txt,extracted_text_full\03.14.25 - SUMMARY JUDGEMENT EMAIL BAKER-1.json,,,always,300,,,,skipped,
2025-12-23 18:30:21,CASE DOCS\03.17.25 - NOTICE OF SUBMISSION-1.pdf,extracted_text_full\03.17.25 - NOTICE OF SUBMISSION-1.txt,extracted_text_full\03.17.25 - NOTICE OF SUBMISSION-1.json,,,always,300,,,,skipped,
2025-12-23 18:30:27,CASE DOCS\03.17.25 - NOTICE OF SUBMISSION-1.pdf,extracted_text_full\03.17.25 - NOTICE OF SUBMISSION-1.txt,extracted_text_full\03.17.25 - NOTICE OF SUBMISSION-1.json,12,12,always,300,7957,14246,11.11,ok,
2025-12-23 18:30:27,CASE DOCS\03.18.2025_233-765358-25 - COVER LETTER - SAPCR-1.pdf,extracted_text_full\03.18.2025_233-765358-25 - COVER LETTER - SAPCR-1.txt,extracted_text_full\03.18.2025_233-765358-25 - COVER LETTER - SAPCR-1.json,,,always,300,,,,skipped,
2025-12-23 18:30:41,CASE DOCS\03.18.2025_233-765358-25 - COVER LETTER - SAPCR-1.pdf,extracted_text_full\03.18.2025_233-765358-25 - COVER LETTER - SAPCR-1.txt,extracted_text_full\03.18.2025_233-765358-25 - COVER LETTER - SAPCR-1.json,19,19,always,300,34036,33372,20.36,ok,
2025-12-23 18:30:41,CASE DOCS\03.18.2025_233-765358-25 - ORIGINAL SAPCR-1.pdf,extracted_text_full\03.18.2025_233-765358-25 - ORIGINAL SAPCR-1.txt,extracted_text_full\03.18.2025_233-765358-25 - ORIGINAL SAPCR-1.json,,,always,300,,,,skipped,
2025-12-23 18:30:49,CASE DOCS\03.18.2025_233-765358-25 - ORIGINAL SAPCR-1.pdf,extracted_text_full\03.18.2025_233-765358-25 - ORIGINAL SAPCR-1.txt,extracted_text_full\03.18.2025_233-765358-25 - ORIGINAL SAPCR-1.json,12,12,always,300,29715,23909,21.35,ok,
2025-12-23 18:30:49,CASE DOCS\03.18.25 - APPLICATION FOR EMERGENCY TRO-1.pdf,extracted_text_full\03.18.25 - APPLICATION FOR EMERGENCY TRO-1.txt,extracted_text_full\03.18.25 - APPLICATION FOR EMERGENCY TRO-1.json,,,always,300,,,,skipped,
2025-12-23 18:31:01,CASE DOCS\03.18.25 - IFP Statement-1.pdf,extracted_text_full\03.18.25 - IFP Statement-1.txt,extracted_text_full\03.18.25 - IFP Statement-1.json,12,12,always,300,13656,15997,12.23,ok,
2025-12-23 18:31:14,CASE DOCS\03.18.25 - ORIGINAL SAPCR-1.pdf,extracted_text_full\03.18.25 - ORIGINAL SAPCR-1.txt,extracted_text_full\03.18.25 - ORIGINAL SAPCR-1.json,10,10,always,300,28641,22740,13.08,ok,
2025-12-23 18:32:07,CASE DOCS\03.18.25 - SAPCR  COVER-1.pdf,extracted_text_full\03.18.25 - SAPCR  COVER-1.txt,extracted_text_full\03.18.25 - SAPCR  COVER-1.json,49,49,always,300,83668,84573,52.83,ok,
2025-12-23 18:32:26,CASE DOCS\03.18.25 - SAPCR COVER LETTER-1-1.pdf,extracted_text_full\03.18.25 - SAPCR COVER LETTER-1-1.txt,extracted_text_full\03.18.25 - SAPCR COVER LETTER-1-1.json,17,17,always,300,32277,31990,18.79,ok,
2025-12-23 18:32:44,CASE DOCS\03.18.25 - SAPCR COVER LETTER-1.pdf,extracted_text_full\03.18.25 - SAPCR COVER LETTER-1.txt,extracted_text_full\03.18.25 - SAPCR COVER LETTER-1.json,17,17,always,300,32277,31990,18.82,ok,
2025-12-23 18:32:51,CASE DOCS\03.18.25 - APPLICATION FOR EMERGENCY TRO-1.pdf,extracted_text_full\03.18.25 - APPLICATION FOR EMERGENCY TRO-1.txt,extracted_text_full\03.18.25 - APPLICATION FOR EMERGENCY TRO-1.json,119,119,always,300,183376,177718,129.24,ok,
2025-12-23 18:32:51,CASE DOCS\03.18.25 - IFP Statement-1.pdf,extracted_text_full\03.18.25 - IFP Statement-1.txt,extracted_text_full\03.18.25 - IFP Statement-1.json,,,always,300,,,,skipped,
2025-12-23 18:32:51,CASE DOCS\03.18.25 - ORIGINAL SAPCR-1.pdf,extracted_text_full\03.18.25 - ORIGINAL SAPCR-1.txt,extracted_text_full\03.18.25 - ORIGINAL SAPCR-1.json,,,always,300,,,,skipped,
2025-12-23 18:32:51,CASE DOCS\03.18.25 - SAPCR  COVER-1.pdf,extracted_text_full\03.18.25 - SAPCR  COVER-1.txt,extracted_text_full\03.18.25 - SAPCR  COVER-1.json,,,always,300,,,,skipped,
2025-12-23 18:32:51,CASE DOCS\03.18.25 - SAPCR COVER LETTER-1-1.pdf,extracted_text_full\03.18.25 - SAPCR COVER LETTER-1-1.txt,extracted_text_full\03.18.25 - SAPCR COVER LETTER-1-1.json,,,always,300,,,,skipped,
2025-12-23 18:32:51,CASE DOCS\03.18.25 - SAPCR COVER LETTER-1.pdf,extracted_text_full\03.18.25 - SAPCR COVER LETTER-1.txt,extracted_text_full\03.18.25 - SAPCR COVER LETTER-1.json,,,always,300,,,,skipped,
2025-12-23 18:32:51,CASE DOCS\03.18.25 - SAPCR PETITION-1.pdf,extracted_text_full\03.18.25 - SAPCR PETITION-1.txt,extracted_text_full\03.18.25 - SAPCR PETITION-1.json,,,always,300,,,,skipped,
2025-12-23 18:32:54,CASE DOCS\03.20.2025_233-765358-25 - MOTION TO CONSOLIDATE-1.pdf,extracted_text_full\03.20.2025_233-765358-25 - MOTION TO CONSOLIDATE-1.txt,extracted_text_full\03.20.2025_233-765358-25 - MOTION TO CONSOLIDATE-1.json,4,4,always,300,3042,2791,3.18,ok,
2025-12-23 18:32:58,CASE DOCS\03.20.2025_233-765358-25 - RESPONDENTS ORIGINAL ANSWER-1.pdf,extracted_text_full\03.20.2025_233-765358-25 - RESPONDENTS ORIGINAL ANSWER-1.txt,extracted_text_full\03.20.2025_233-765358-25 - RESPONDENTS ORIGINAL ANSWER-1.json,5,5,always,300,4396,4132,4.11,ok,
2025-12-23 18:32:58,CASE DOCS\03.18.25 - SAPCR PETITION-1.pdf,extracted_text_full\03.18.25 - SAPCR PETITION-1.txt,extracted_text_full\03.18.25 - SAPCR PETITION-1.json,11,11,always,300,29521,23592,13.95,ok,
2025-12-23 18:32:58,CASE DOCS\03.20.2025_233-765358-25 - MOTION TO CONSOLIDATE-1.pdf,extracted_text_full\03.20.2025_233-765358-25 - MOTION TO CONSOLIDATE-1.txt,extracted_text_full\03.20.2025_233-765358-25 - MOTION TO CONSOLIDATE-1.json,,,always,300,,,,skipped,
2025-12-23 18:32:58,CASE DOCS\03.20.2025_233-765358-25 - RESPONDENTS ORIGINAL ANSWER-1.pdf,extracted_text_full\03.20.2025_233-765358-25 - RESPONDENTS ORIGINAL ANSWER-1.txt,extracted_text_full\03.20.2025_233-765358-25 - RESPONDENTS ORIGINAL ANSWER-1.json,,,always,300,,,,skipped,
2025-12-23 18:33:07,CASE DOCS\03.20.2025_233-765358-25 EMERGENCY EX-PARTE MOTION TODECLARE JUDGMENT VOID AB INITIO AND FOR IMMEDIATE RE-ENTRY-1.pdf,extracted_text_full\03.20.2025_233-765358-25 EMERGENCY EX-PARTE MOTION TODECLARE JUDGMENT VOID AB INITIO AND FOR IMMEDIATE RE-ENTRY-1.txt,extracted_text_full\03.20.2025_233-765358-25 EMERGENCY EX-PARTE MOTION TODECLARE JUDGMENT VOID AB INITIO AND FOR IMMEDIATE RE-ENTRY-1.json,9,9,always,300,12936,12366,8.93,ok,
2025-12-23 18:33:08,CASE DOCS\03.20.2025_233-765358-25 EMERGENCY EX-PARTE MOTION TODECLARE JUDGMENT VOID AB INITIO AND FOR IMMEDIATE RE-ENTRY-1.pdf,extracted_text_full\03.20.2025_233-765358-25 EMERGENCY EX-PARTE MOTION TODECLARE JUDGMENT VOID AB INITIO AND FOR IMMEDIATE RE-ENTRY-1.txt,extracted_text_full\03.20.2025_233-765358-25 EMERGENCY EX-PARTE MOTION TODECLARE JUDGMENT VOID AB INITIO AND FOR IMMEDIATE RE-ENTRY-1.json,9,9,always,300,12936,12366,9.16,ok,
2025-12-23 18:33:15,CASE DOCS\03.20.2025_233-765358-25 MOTION TO STRIKE RESPONDENTS ANSWER AND MOTION TO CONSOLIDATE-1.pdf,extracted_text_full\03.20.2025_233-765358-25 MOTION TO STRIKE RESPONDENTS ANSWER AND MOTION TO CONSOLIDATE-1.txt,extracted_text_full\03.20.2025_233-765358-25 MOTION TO STRIKE RESPONDENTS ANSWER AND MOTION TO CONSOLIDATE-1.json,10,10,always,300,9131,8951,7.96,ok,
2025-12-23 18:33:16,CASE DOCS\03.20.2025_233-765358-25 MOTION TO STRIKE RESPONDENTS ANSWER AND MOTION TO CONSOLIDATE-1.pdf,extracted_text_full\03.20.2025_233-765358-25 MOTION TO STRIKE RESPONDENTS ANSWER AND MOTION TO CONSOLIDATE-1.txt,extracted_text_full\03.20.2025_233-765358-25 MOTION TO STRIKE RESPONDENTS ANSWER AND MOTION TO CONSOLIDATE-1.json,10,10,always,300,9131,8951,8.24,ok,
2025-12-23 18:33:17,CASE DOCS\03.20.25 - MOTION TO CONSOL-1.pdf,extracted_text_full\03.20.25 - MOTION TO CONSOL-1.txt,extracted_text_full\03.20.25 - MOTION TO CONSOL-1.json,3,3,always,300,2875,2683,2.49,ok,
2025-12-23 18:33:18,CASE DOCS\03.20.25 - MOTION TO CONSOL-1.pdf,extracted_text_full\03.20.25 - MOTION TO CONSOL-1.txt,extracted_text_full\03.20.25 - MOTION TO CONSOL-1.json,3,3,always,300,2875,2683,2.52,ok,
